citing_paper_id,cited_paper_id
W4400406761,W3136961763
W3176323679,W3157770066
W4289866219,W3126665462
W4289866219,W3133859695
W4289866219,W3136533732
W4289866219,W3153769838
W4289866219,W3194936931
W4289866219,W3195176717
W4289866219,W4211221462
W4289866219,W4285732530
W4382934904,W3156357073
W4382934904,W4315490331
W4382934904,W4367046445
W4382934904,W4379011381
W7154454563,W4414889640
W4313240890,W3124160134
W4313240890,W3138990775
W4313240890,W3198335193
W4313240890,W4283015625
W4313240890,W4283368337
W7155355713,W4319729410
W7155355713,W4319730355
W7155355713,W4408799551
W7155355713,W4415344862
W3011963733,W3043992555
W4288051473,W4213437933
W4226035938,W4220719541
W7166690750,W3139246009
W4416388601,W3161325180
W4416388601,W4220927103
W4416388601,W4290844201
W4407472544,W4206416344
W4407472544,W4293574888
W4407472544,W4319592726
W4407472544,W4365509636
W4407472544,W4389434546
W4407472544,W4401718945
W4394595774,W4391424134
W4392301138,W4223451023
W4399678413,W3201799066
W4399678413,W4402027801
W4407597522,W4318753833
W4399985820,W3134424702
W4399985820,W4368356183
W4399985820,W4386691780
W4399985820,W4389040535
W4411123866,W3170720136
W7161575604,W7124141422
W4384665293,W3163388480
W4405103997,W4284899330
W4405103997,W4310501965
W4405103997,W4387885801
W4409517669,W4224243249
W4410340591,W4307358196
W4410288647,W4226043498
W4410288647,W4379919686
W7172129929,W4295947211
W4380421875,W3138005350
W4380421875,W3180308285
W4395028174,W4383722515
W4395028174,W4385819980
W4394753245,W3173000904
W4394753245,W4224241728
W4394753245,W4385264584
W4317888455,W4205386392
W3154531344,W3115202110
W4220924807,W3101571101
W4220924807,W3178960719
W4220924807,W3184286726
W4417170747,W4389668762
W4417170747,W4409134390
W4403729928,W4307358196
W4403729928,W4410340591
W4409355380,W4224239358
W3217714825,W3217714825
W4383702656,W4310364785
W4225279531,W3186815623
W4402073621,W4361197073
W4396781595,W4308036860
W4396781595,W4313476432
W4210644027,W3165060406
W4406242482,W4226283940
W4402054670,W4376619026
W7154163447,W4406207344
W4407989112,W4399561985
W4407989112,W4401108209
W4407989112,W4402675562
W4407989112,W4408360670
W7135380015,W4220711675
W4406696741,W4396688733
W4391893514,W4225576441
W4391893514,W4391111350
W4225646941,W3169889545
W4411045628,W3216107797
W4412441820,W4297772911
W4224241728,W3173000904
W4362164230,W3155818854
W4362164230,W3160228726
W4395665878,W4281291537
W4395665878,W4362523216
W4395665878,W4390409779
W4395665878,W4391052115
W4220945492,W4231093193
W4220945492,W4237674139
W7201866971,W3133710206
W4415781815,W4200188559
W4415781815,W4295479831
W4415781815,W4387048873
W4415781815,W4404171400
W4415781815,W4409257489
W4415781815,W4410169770
W4388491559,W3163730956
W4414761582,W4394905311
W3175629170,W3129711800
W4393385233,W3126627207
W4393385233,W3134314150
W4393385233,W4283793747
W4393385233,W4367044528
W4312388776,W3170125905
W4312388776,W4317914647
W4399117995,W4223448210
W4399117995,W4290058854
W4399117995,W4317651644
W4399117995,W4379356221
W4405287073,W4385071479
W4283806631,W3207477325
W7128923844,W3168445035
W7128923844,W4292998972
W7128923844,W4313294959
W7138164489,W4366814467
W4386517154,W4398462875
W4387529101,W3211762520
W4387529101,W4220864360
W4387529101,W4303021939
W4387529101,W4312157401
W4387529101,W4323294709
W4353032327,W3179812603
W4353032327,W4226377635
W4386446897,W3141744159
W4386446897,W4378834387
W4408320856,W4401241558
W4388716031,W3112618968
W4388716031,W3132271809
W4388716031,W3178960719
W4388716031,W4283644017
W4394751306,W3164432620
W4409416107,W4389885636
W4409416107,W4409415944
W4388070891,W4206236881
W4390431798,W4376455113
W3201195220,W3126627207
W3201195220,W3147055522
W4392292932,W4213252554
W7144317009,W4396798052
W7144317009,W4401173259
W7144317009,W4411142080
W4410096194,W4402676823
W4400035620,W4206197282
W4400035620,W4220934968
W4414409132,W4385415488
W4414409132,W4404122182
W4414409132,W4406105827
W4414409132,W4412691917
W4413113033,W3140145209
W4414973167,W4360614605
W4414973167,W4382363441
W4414973167,W4413793355
W7171372892,W4385345197
W7171372892,W4388703065
W4417091451,W3163052290
W4417091451,W4324307193
W4417091451,W4404064678
W7169863550,W4394570177
W7169863550,W4400958511
W7169863550,W7117998686
W4220848330,W3194629154
W4220848330,W4214818317
W4413108823,W3189015187
W4399593263,W3177371740
W4399593263,W4200361400
W4406456782,W4200395826
W4406456782,W4399201444
W4406456782,W4401608157
W4404770284,W4311303735
W4404770284,W4393386531
W4395048102,W3170160699
W4395048102,W4389301229
W4313646259,W3135747102
W4313646259,W3161325180
W4293224316,W3129586388
W4414530283,W4389150919
W4414530283,W4396868358
W4414530283,W4404335910
W4414530283,W4414164230
W4394843965,W4390329579
W3208324124,W3081572918
W3208324124,W3115202110
W3208324124,W3154531344
W3208324124,W3184542680
W4308410093,W3151244818
W7172210291,W4283071033
W7172210291,W4289868138
W7172210291,W4309440978
W7172210291,W4311391466
W7172210291,W4377967666
W7172210291,W4390725253
W7172210291,W4401268829
W7172210291,W4401963328
W7172210291,W4402691113
W7172210291,W4408098231
W7172210291,W4412490971
W7172210291,W4417450842
W4388972618,W4303199843
W4391273012,W3085837059
W4391273012,W3112618968
W4391273012,W3135045610
W4391273012,W3178960719
W4391273012,W4283803434
W4391273012,W4285371578
W4312589922,W4367627324
W4214624088,W3181388921
W4214624088,W4200080921
W7130602836,W4403185738
W7116692268,W3203760617
W7116692268,W3214399682
W7116692268,W4289518974
W7116692268,W4293693009
W7116692268,W4306818326
W7116692268,W4406029955
W7116692268,W4407251535
W4411661533,W3139031185
W4411661533,W4205292678
W4411661533,W4366495375
W4411661533,W4396780262
W4411661533,W4405472755
W4411661533,W4406703211
W4288034651,W4281620518
W4288034651,W4288047534
W4411628682,W4309880027
W7160262290,W4412561233
W4214929165,W3119125141
W4214929165,W3123173603
W4400286604,W4309440978
W3214683409,W3084641928
W3214683409,W3207710992
W4380881712,W3133710206
W4380881712,W3199501580
W4380881712,W3204063372
W4380881712,W4214907722
W4395669858,W3125602806
W4395669858,W3201656105
W4395669858,W4225818051
W4395669858,W4308891310
W4395669858,W4388757477
W4404820072,W3154925182
W4308680517,W4226000788
W3205387377,W4366782763
W4312645560,W3120784776
W4312645560,W3135010812
W4312645560,W4287846829
W7163515438,W4402686454
W7163515438,W4407411931
W7163515438,W4410502120
W7163515438,W7125902725
W7163515438,W7128160513
W4293036416,W3118875409
W4293036416,W3193223779
W4293036416,W3201203265
W4293036416,W4283750065
W4408003134,W4200512536
W4408003134,W4206590563
W4408003134,W4221002349
W4408003134,W4302303966
W4408003134,W4388265872
W4408003134,W4395118114
W4366091570,W3129892326
W4366091570,W3167088720
W4366091570,W3210032307
W4366091570,W4214879128
W3202910493,W3148055866
W3136970984,W3157214414
W4381715290,W3171336755
W4389560339,W3203384795
W4311197833,W3118346788
W4311197833,W3119904348
W4416795165,W3127955572
W4416795165,W3130110303
W4416795165,W3183401208
W4416795165,W3211570432
W4416795165,W3213976245
W4416795165,W4308498415
W4416795165,W4311086240
W4416795165,W4366605716
W4416795165,W4387503581
W4416795165,W4388895464
W4416795165,W4389435296
W4416795165,W4391340910
W4416795165,W4399970858
W4416795165,W4400099204
W4416795165,W4400447652
W4416795165,W4400884047
W4416795165,W4402479734
W4416795165,W4405596277
W4416795165,W4408593457
W4416795165,W4409640777
W4416795165,W4409922583
W4416795165,W4409953705
W4416795165,W4409990392
W4416795165,W4411061051
W4416795165,W4413436310
W4416795165,W4415717067
W4390606267,W4221140302
W4390606267,W4310449368
W4390606267,W4312219141
W4390606267,W4361029949
W4390606267,W4378842868
W4390606267,W4378843082
W4390606267,W4386159140
W4390606267,W4386260189
W4390606267,W4386260274
W4288439486,W4210347092
W4221101137,W3133042336
W4221101137,W3157728046
W4221101137,W4214861448
W4403253117,W3126627207
W4403253117,W4310949003
W4403253117,W4387241604
W4393865233,W3189567893
W4393865233,W4289745512
W4393865233,W4294578431
W4226406919,W3127676697
W3135682221,W3002716239
W3135682221,W3119509009
W4312246759,W4205973458
W4312246759,W4206290681
W4391363030,W4286630264
W7125264537,W3198497689
W7125264537,W4412827102
W7169879212,W3112618968
W7169879212,W3131624221
W7169879212,W3178960719
W7169879212,W3179854520
W7169879212,W4386453521
W7169879212,W4406984264
W4416428828,W4283033107
W4416428828,W4292219813
W4416428828,W4390405440
W4411361880,W3136286676
W4411361880,W3194973291
W4411361880,W4220719541
W4411361880,W4226035938
W4411361880,W4366507101
W4390494000,W3184516920
W4294785862,W3179303093
W4294785862,W3203531680
W4416851342,W4319594795
W4293331939,W4289755677
W4408422216,W4377943295
W7212020044,W7161598184
W7129478954,W4327647079
W4328120526,W3136908109
W4328120526,W4292265649
W7124454041,W3182954530
W7124454041,W4395681644
W7124454041,W4399320960
W7124454041,W4402159295
W7124454041,W4403247656
W7124454041,W4407121781
W4411036215,W4392506286
W4411036215,W4408559909
W4412392802,W4402439454
W4366605716,W3211570432
W4366605716,W4212947648
W4366605716,W4308498415
W7118025330,W4200483565
W7118025330,W4280535988
W7118025330,W4307571959
W7118025330,W4309832335
W7118025330,W4322739184
W7118025330,W4399783697
W4417283662,W4403662090
W4417283662,W4414359273
W4417283662,W4414359367
W7128505436,W4389991818
W7128505436,W4409626090
W7128505436,W4410192080
W4413298353,W4400083909
W4410065439,W4220864360
W4410065439,W4381308402
W4410065439,W4392517487
W4410065439,W4405964035
W4401688682,W3206812573
W4401688682,W3214399682
W4401688682,W4293693009
W4401688682,W4380885712
W4401688682,W4401510353
W7135012392,W4400356766
W4391464187,W4284699798
W4392158813,W4312204992
W4391801274,W3178960719
W7124243319,W3013345219
W7124243319,W4389046812
W7124243319,W4396692650
W7124243319,W4406715464
W4394017099,W4283012163
W4394017099,W4283752180
W4394017099,W4318757216
W3193223779,W3118875409
W3193223779,W3157468053
W4280641387,W3139542841
W4280641387,W3151634233
W4280641387,W3162490422
W4280641387,W3168917506
W4280641387,W4256231923
W7156136917,W4399913545
W7156136917,W4410414047
W3155720191,W3136286676
W4378716498,W4311871533
W4378716498,W4323842700
W4239733581,W4239733581
W7128923884,W4398251557
W4224981546,W3178960719
W4224981546,W3216294176
W4387900153,W4280548475
W4387900153,W4313366978
W4389088223,W4281625541
W4319293662,W3126150405
W4319293662,W3167088720
W4319293662,W4214879128
W4319293662,W4220702467
W4415107116,W4402448924
W4395690554,W3160396334
W4399142763,W4387345291
W4225317503,W3118875409
W4225317503,W3193223779
W4225317503,W3203428752
W3188504913,W3092566124
W4398235792,W4313594150
W4398235792,W4390414973
W4413350146,W4410267900
W4413292862,W4319216255
W4220696934,W3139798200
W4220696934,W3207477325
W7155011178,W3169562850
W7155011178,W4385294870
W7155011178,W4395042291
W7155011178,W4401104226
W7155011178,W4407968045
W7155011178,W4414082365
W7155011178,W4417194885
W7155011178,W7118236165
W7128537951,W3156246440
W7128537951,W4393020422
W4308259629,W4229006963
W4308259629,W4306681774
W3174721530,W3090767258
W7171323605,W4410497185
W4416812367,W4322495757
W4416812367,W4361265498
W4353073406,W3111773084
W4220722719,W4210542780
W4401574604,W4379356221
W7130715429,W3125762071
W7130715429,W3189015187
W7130715429,W4323687959
W7130715429,W4410605099
W4402563059,W4390262848
W4403577881,W4306316999
W4224241643,W3134195618
W4415992764,W4414035703
W4407948661,W4309651778
W4407948661,W4309651832
W4407948661,W4387848751
W4407948661,W4396918914
W4378651062,W3211998835
W4378651062,W4285388886
W4378651062,W4309187314
W4400314277,W3167912762
W4400314277,W4200047885
W4415226420,W4363676851
W4415226420,W4410422680
W4407414291,W4311981820
W7168014927,W4391095014
W7168014927,W4393183862
W7168014927,W4409983086
W7168014927,W4414210246
W7168014927,W4416203732
W7168014927,W4417283662
W4413406470,W3157621000
W4413406470,W4385683676
W4402934516,W3128672374
W4407089949,W4293331939
W4407089949,W4307585183
W4407089949,W4361201139
W4407089949,W4400009152
W7115557521,W4396882532
W7115557521,W4200571609
W7115557521,W4391591341
W7115557521,W4400433422
W7115557521,W3112618968
W7115557521,W3179854520
W7115557521,W4400248050
W7115557521,W4401211033
W7115557521,W4394905311
W4402552335,W3136002517
W4402552335,W3147055522
W4402552335,W4210364767
W4402552335,W4310163492
W4402552335,W4312094454
W4402552335,W4380870855
W4402552335,W4395052434
W4402552335,W4398138066
W7126237630,W3112618968
W7126237630,W3134560764
W7126237630,W3178960719
W7126237630,W4401211033
W7155808688,W3150057971
W7155808688,W4392014361
W7155808688,W4392385407
W7155808688,W4403239815
W7155808688,W4414741162
W4410838415,W4361197073
W4223414483,W3199322743
W4223414483,W4223414483
W4385858140,W3108723356
W4385858140,W4372302764
W4386532159,W3213657016
W4386532159,W4297237783
W4415286090,W3090767258
W4415286090,W3097233283
W4415286090,W4379647637
W4384697028,W4318987881
W4312094069,W4220700298
W4409182116,W4387261436
W7125902725,W3138355402
W4402531632,W4285135715
W4402531632,W4379209248
W4402531632,W4392158813
W4402531632,W4400108661
W4390563095,W4210266265
W7140140060,W4398784830
W7140140060,W4401211033
W4386498197,W4313332880
W4410132121,W4385737936
W7164228355,W4366977908
W7164228355,W4386070942
W7164228355,W4415353556
W7164228355,W7131865146
W4362670056,W3124153019
W7117302670,W4294771031
W4415196321,W4394905311
W7141579041,W4393183862
W7141579041,W4400909494
W7141579041,W4405755277
W7141579041,W4406157483
W4401684286,W4317762145
W7135174711,W3112618968
W7135174711,W3178960719
W7135174711,W3211871934
W7135174711,W4285371578
W7135174711,W4394905311
W7135174711,W4401211033
W4313554681,W3126619135
W4313554681,W4211226194
W3126276382,W3087962370
W4412550351,W3121026993
W4414566659,W4394905311
W4308820101,W4309925988
W4402145384,W3205515341
W4387735587,W4308139147
W7134939779,W4392982830
W7134939779,W4401514598
W7134939779,W7125908103
W4414168399,W3187751888
W4414168399,W4390748143
W4294190194,W3201866429
W4294190194,W4224327049
W4294190194,W4283452968
W4410912398,W4212888471
W7117761976,W4316037804
W7117761976,W4404142846
W4323295056,W4220804519
W4221161534,W3111256350
W4221161534,W3112618968
W4221161534,W3178960719
W4221161534,W3190301232
W4221161534,W4225003256
W3160875218,W3124242578
W4412747974,W4402625831
W4405353141,W3138990775
W4405635218,W4225434060
W4324148762,W4200007650
W7163222456,W4206067338
W7163222456,W4212938074
W7163222456,W4308512227
W7163222456,W4311434604
W7163222456,W4320485260
W7163222456,W4391776229
W7163222456,W4392811865
W7163222456,W4404100225
W3158811879,W3158811879
W4392626917,W4392626917
W4381839070,W3092439171
W4381839070,W4317500295
W4381839070,W4381839070
W4402342061,W3129711800
W4402342061,W3200021964
W4402342061,W4224871336
W4402342061,W4294864632
W4402342061,W4307125471
W4402342061,W4366352829
W4402342061,W4386083666
W4402342061,W4386485017
W4402342061,W4392590419
W4387812519,W3161010337
W7211895166,W4322749372
W7211895166,W4401120719
W4319752452,W3215369792
W4319752452,W4210817659
W4319752452,W4225407198
W4319752452,W4307631973
W4224253866,W4224253866
W4401583173,W3193352533
W4413344503,W3153769838
W4413344503,W4285732530
W4413344503,W4372298597
W4413344503,W4404020732
W4413344503,W4407845274
W4406662837,W4320039140
W4388266472,W3155961778
W4406410691,W4406410691
W4379208857,W3155550370
W4379208857,W3155806984
W4379208857,W3212937751
W4379208857,W4223438099
W7142718748,W4366827729
W7142718748,W4388441694
W7142718748,W4407945625
W7142718748,W4410361835
W7142718748,W4410873943
W4408551385,W4285802872
W4408551385,W4362677161
W4389435296,W3123337881
W4389435296,W3213976245
W4389435296,W4388282063
W4407945320,W4404873226
W7135184989,W4226033020
W7135184989,W4312219349
W7135184989,W4401211033
W4408655848,W4392517487
W4408655848,W4399863124
W7140804848,W4401274400
W7140804848,W4414005108
W4404465383,W4206416344
W4404465383,W4293574888
W4404465383,W4300863670
W4404465383,W4319592726
W4404465383,W4365509636
W7214152146,W3129426031
W7214152146,W3204199008
W7214152146,W4372214840
W7214152146,W4382680263
W7214152146,W4391464187
W7214152146,W4403965451
W7214152146,W4411046833
W7214152146,W7141815178
W4297237783,W4225637113
W4393066355,W3201331982
W4393066355,W4285085129
W4393066355,W4307565043
W4410759687,W4200361400
W4410759687,W4387440676
W4410759687,W4396552434
W4410759687,W4408593207
W4410759687,W4409975883
W4319072926,W3191420927
W4319072926,W4220881793
W4319072926,W4288074629
W4319072926,W4294266274
W4410596650,W3118875409
W4410596650,W3193223779
W4410596650,W3203428752
W4410596650,W3214582017
W4410596650,W4225317503
W4410596650,W4318052223
W4410596650,W4376225771
W4410596650,W4406825265
W4410596650,W4407078409
W7104601616,W4296967571
W4294224081,W4294224072
W4410740569,W3176852009
W4410740569,W4205904032
W4410740569,W4206484652
W4410740569,W4324122179
W4410740569,W4390768438
W4410740569,W4391146671
W4410740569,W4391476405
W4410740569,W4391874209
W4410740569,W4400663506
W4410740569,W4402479734
W4410740569,W4406221574
W3198592932,W2945457284
W4220956808,W4200303272
W3180204241,W3203577733
W4406427847,W4390738296
W4411501259,W4385247926
W4411501259,W4392982830
W4385848462,W2963002078
W4385848462,W3132271809
W4385848462,W3203593820
W4388695521,W4323051684
W7123356234,W2963002078
W7123356234,W3195678569
W7123356234,W3204165321
W7123356234,W4223688201
W7123356234,W4386524775
W7123356234,W4401211033
W4411197662,W4405470882
W4416221648,W3120569425
W4416221648,W4362701299
W4416221648,W4392762399
W4416221648,W4394567481
W4416221648,W4410483546
W4400429060,W4391756438
W4385186566,W3200352208
W7171642003,W4289755677
W7171642003,W4400005926
W7171642003,W4400883069
W7171642003,W4408885078
W7171642003,W4415976382
W4408828214,W3126380462
W4408828214,W3135696005
W4408828214,W3153994275
W4391680891,W4304889418
W4391680891,W4310648975
W3191147852,W3191147852
W4382239940,W3083048200
W4382239940,W3174457780
W4205930461,W3126665462
W4205930461,W3136533732
W4205930461,W3153769838
W4205930461,W3194936931
W4205930461,W3195176717
W4205930461,W4243447653
W4205930461,W4285732530
W4404527101,W3140242705
W4404527101,W4283690435
W4404527101,W4376105590
W4404527101,W4387953077
W4404527101,W4394783486
W4399582087,W4220864360
W4399582087,W4323294709
W4399582087,W4385490657
W4399582087,W4390755734
W7164994591,W4406730663
W4389475082,W4298008635
W4389475082,W4380685770
W7211974022,W4409710262
W4309925988,W3163360189
W4309925988,W3204011834
W4309925988,W4297806298
W4388339844,W3188496752
W4389894232,W3124389607
W4401806360,W4401219656
W4383550229,W3178648211
W4383550229,W4410637896
W4281744543,W4206147498
W4389437290,W4200354602
W4378219875,W3126627207
W4378219875,W3136002517
W4378219875,W4310343048
W4206673491,W3119402276
W4407187238,W4395681644
W4407187238,W4399262073
W4376131020,W4312684773
W3041629860,W3141303149
W4300863534,W2989993629
W4300863534,W3123703095
W4300863534,W3205306976
W4282837196,W3130366085
W4282837196,W3172845662
W4282837196,W3188366922
W4282837196,W4280532161
W4389473608,W4295088922
W4367298921,W4200070608
W4376225771,W3118875409
W4376225771,W3193223779
W4376225771,W3203428752
W4391540519,W4285726627
W7146996281,W3113053863
W7146996281,W4220746953
W7146996281,W4387345291
W4214894353,W3203481566
W4200634664,W3178960719
W4391771008,W4313680179
W4391771008,W4400883379
W4376983099,W3120584803
W4376983099,W3135045610
W4376983099,W3178960719
W4376983099,W3214847695
W4406867564,W3182953752
W4406867564,W4312221754
W4389085794,W3135010812
W4386170440,W4312160059
W4413092307,W3112618968
W4413092307,W3178960719
W4413092307,W4283803434
W4413092307,W4394905311
W4413092307,W4401211033
W4402313288,W4285388886
W4402313288,W4309187314
W4402313288,W4385264107
W7128736941,W4377565483
W3109675964,W3101000142
W4224434548,W3159157307
W4224434548,W3159542449
W4224434548,W4224544504
W4407246202,W4311816095
W4407246202,W4407247123
W4391688511,W4283779953
W4389151390,W3119402276
W4389151390,W4242451804
W4389625322,W3209814434
W4389625322,W4297990866
W4389625322,W4313568006
W4377087084,W3161133637
W7157976239,W3118432150
W7157976239,W4214898670
W7157976239,W4403154402
W7157976239,W4407376848
W7157976239,W4413889407
W4316013419,W3126680560
W4316013419,W3128130707
W4402484204,W4285810273
W4402484204,W4313405122
W4402484204,W4396832304
W4402484204,W4399488775
W4402484204,W4399488879
W4376610950,W4296977078
W4391607946,W3188366922
W4391607946,W4312112726
W7166174227,W4282971422
W7166174227,W4416202654
W7166174227,W7171642768
W4223970269,W3154461191
W4223970269,W3193451618
W4409482849,W4317779826
W4389953949,W4307723102
W4362671543,W3205277336
W4362671543,W4362728327
W4388841263,W4379985289
W4388841263,W4395089796
W4410860914,W4405726218
W4392251137,W3157065452
W4392251137,W3203428752
W4392251137,W4283750065
W4392251137,W4296619952
W4392251137,W4308174634
W4392251137,W4313898413
W4392251137,W4318052223
W4392251137,W4319335185
W4392251137,W4379107271
W3150860489,W3125018023
W7162083408,W4385638969
W7162083408,W4386465669
W7162083408,W7140189877
W7204262689,W4416445157
W4381893380,W3209696637
W4381893380,W3216245651
W4298326802,W3157698770
W4298326802,W3201238815
W4298326802,W4207059806
W4298326802,W4210364767
W7167664259,W4405188325
W4392028327,W3137144429
W4392028327,W3143807503
W4392028327,W4313244926
W4392028327,W4313314322
W4392028327,W4387405484
W4407073148,W4394905311
W4394817595,W3167768535
W4394615441,W3119664292
W4394615441,W4200266981
W4297370142,W3119232002
W4415008288,W4404180856
W4415008288,W4413074987
W4386097801,W3198299413
W4414431136,W3213657016
W7172396636,W4282942306
W7172396636,W4391090865
W4413033546,W4226146010
W4413033546,W4380421146
W4413033546,W4388797316
W7138926606,W4284991619
W7138926606,W4323309329
W7138926606,W4410282958
W4395669741,W3189026951
W4220719541,W3130485891
W4327860537,W3157023389
W4327860537,W3177133585
W4406759197,W4206416344
W4406759197,W4300863670
W4406759197,W4319592726
W4406759197,W4365509636
W4406759197,W4389434546
W4406759197,W4391810954
W4406759197,W4401718945
W4410198738,W4323051231
W4410198738,W4387666227
W4410198738,W4390807288
W4410198738,W4406199926
W4405853045,W3134393697
W4415642815,W3210995462
W4386218137,W3160042961
W4386218137,W4213210769
W4386218137,W4293569082
W4386218137,W4310110547
W4386218137,W4324129379
W4386218137,W4385568859
W3203428752,W3118875409
W3203428752,W3193223779
W4388814178,W3155818854
W4388814178,W4323687959
W4391418063,W3136777397
W4391418063,W3166296073
W4205434806,W4235507875
W2966129118,W2970524082
W4386198630,W3172347370
W4386198630,W4210743940
W4386198630,W4289174183
W4383821957,W3167316166
W4383821957,W4200019424
W4383821957,W4311001167
W4407233873,W4224871336
W4407233873,W4366352829
W4407233873,W4386083666
W4407233873,W4388900964
W4407233873,W4391898790
W4407233873,W4401582277
W4407233873,W4402266102
W4401955691,W4307527688
W4401955691,W4308708840
W4401955691,W4320039140
W4401955691,W4384471217
W4408382404,W3125762071
W4408382404,W3189015187
W4408382404,W4323687959
W7162803702,W3131624221
W7162803702,W4310829626
W7162803702,W4396882532
W7162803702,W4401211033
W4393386531,W4311303735
W4393386531,W4386572713
W4366977908,W4308774076
W4403055153,W4389477450
W4391922549,W3200302861
W4391922549,W4214545707
W4391922549,W4284885467
W4391922549,W4313255320
W4391922549,W4353094149
W4414491771,W3209730426
W4414491771,W4213428903
W4414491771,W4324149948
W4414491771,W4400047965
W4320710181,W4205783479
W4282928318,W3178664441
W4282928318,W3193451618
W4410373550,W4319594795
W4410911204,W3134398182
W4406151564,W3132201502
W4388019806,W4223970269
W4388019806,W4282928318
W4388019806,W4322754421
W4388019806,W4361224029
W4400099657,W3133526164
W4400099657,W4310836720
W4400099657,W4312246759
W4400099657,W4400099657
W4205631888,W4226058896
W4368317843,W3133339373
W4368317843,W4205152652
W4413544053,W3136533732
W4413544053,W3153769838
W4413544053,W3174741611
W4413544053,W4365452299
W3118259108,W2979683916
W3118259108,W3118259108
W7169152213,W4402589648
W7169152213,W4409882835
W7169152213,W7118469379
W4386243828,W3158538980
W4386243828,W4398357579
W4387128425,W3185232196
W4387128425,W4224290633
W4411603484,W4404187507
W4415950046,W3034663305
W4415950046,W3209720241
W4415950046,W4206228426
W4415950046,W4210864311
W4413160244,W3205094442
W4281492949,W3184282524
W7117998686,W4394570177
W7117998686,W4399913545
W4304092145,W4309925988
W7154475335,W4200141076
W4322739184,W4297902861
W4225881356,W3176852009
W4225881356,W3212711117
W4309543503,W4283750065
W4410890100,W4368356183
W4410890100,W4399985820
W4378084251,W3194227536
W4378084251,W4377698101
W4378084251,W4387394339
W4324128870,W3159886030
W4297348638,W3153295060
W4406244838,W4381890869
W4413699687,W4282842916
W4413699687,W4293714724
W4288762552,W3147893367
W4288762552,W3168359365
W4389033814,W3202641720
W4389033814,W4200070608
W4317182329,W4317182329
W4405041052,W4226443605
W4405041052,W4362543368
W4408260871,W3200054614
W4408260871,W4285596458
W4408260871,W4362552239
W4408260871,W4402231801
W3212192561,W3183509788
W4401510353,W3206812573
W4401510353,W4380885712
W4401510353,W4401688682
W7160164378,W4387343640
W3203785326,W3136155973
W3203785326,W3199643928
W4379510487,W3112072919
W4379510487,W3156862725
W4379510487,W3212730133
W4409163296,W4394905311
W4319788392,W4226003416
W4319788392,W4319788392
W4409440249,W4296782970
W4400509850,W4367053527
W4226343154,W3013345219
W4226343154,W3140674682
W4407788123,W4220819274
W4313854902,W3196907066
W4399257114,W4381309174
W4399257114,W4388725593
W4280571636,W4280571636
W4416128312,W4378953432
W7212194666,W4417196242
W4394814151,W3156823378
W4394814151,W4200047907
W4394814151,W4200129045
W4394814151,W4313366978
W4394814151,W4387900153
W4394814151,W4394814151
W4206963521,W3127063032
W4382539202,W3118259108
W4206629192,W3120143721
W4206629192,W3184809739
W4414083131,W3112618968
W4414083131,W3130715910
W4414083131,W3178960719
W4414083131,W3215123559
W4414083131,W4361865415
W4414083131,W4401211033
W7140504633,W3196742605
W3203593820,W3204165321
W4285802808,W3130566328
W4285802808,W3184319873
W4285802808,W3207297041
W4285802808,W4210310905
W4406306899,W3172677261
W4406306899,W4307331339
W4406306899,W4310794463
W3212635500,W3108723356
W3212635500,W3134040239
W4406889999,W4313312498
W4295958332,W3023375590
W4295958332,W3203481566
W4391603945,W4223604614
W4391603945,W4283793644
W3216245651,W3153905165
W4406518574,W3023466566
W3137141913,W4393498444
W7166539814,W2990187828
W7166539814,W3191420927
W7166539814,W4300961415
W7166539814,W4376637223
W7166539814,W4386189465
W7166539814,W4406518955
W7166539814,W4411519838
W7166539814,W7123336330
W7125608390,W4210737025
W7125608390,W4214879128
W7125608390,W4404349541
W7167816675,W4283208926
W4394626864,W4388872545
W7134943230,W3130110303
W7134943230,W3213976245
W7134943230,W4388282063
W7134943230,W4389435296
W7134943230,W4409987594
W4389494263,W3129985512
W4403044421,W4402037962
W7127311493,W4398784830
W4405738505,W4229067702
W4388846908,W4282841045
W7161869941,W3187751888
W7161869941,W4410806251
W7161869941,W4415983542
W7204996701,W4283071033
W7204996701,W4390725253
W7204996701,W4392037887
W7204996701,W4409766468
W7204996701,W7124425620
W4409484439,W3159961451
W4409484439,W4395070139
W4409484439,W4402098773
W4409484439,W4408492623
W4392152202,W3198097576
W4392152202,W4318819237
W4402118358,W4394582117
W4390411809,W4280614005
W7212553244,W4412876917
W7212553244,W4416016756
W7149966755,W4410873478
W4362589767,W3122990902
W4362589767,W3136457016
W4362589767,W4200066377
W4388762770,W3195512348
W4308191009,W3202490030
W4308191009,W4220752070
W4410288505,W4307415559
W7161291042,W4407155752
W4379012536,W3207791258
W4379012536,W4220665899
W4379012536,W4282007552
W4379012536,W4288368491
W4379012536,W4318052223
W4410992269,W4393260109
W4410992269,W4410618182
W7115064654,W4403597013
W7115064654,W4406288367
W7115064654,W4410038996
W7128541515,W4311679888
W7128541515,W4361304792
W7128541515,W4402751498
W7128541515,W4403982848
W7128541515,W4411793891
W7128541515,W4417354426
W4413932311,W4388366324
W7147695920,W4410451354
W4224292783,W3203669300
W4224292783,W4214554464
W4411346073,W3095008377
W4411346073,W3112618968
W4411346073,W3135436087
W4411346073,W3178960719
W4411346073,W4394905311
W4321350912,W3137141913
W4321350912,W4393528849
W4221161559,W3178960719
W4221161559,W4214579071
W4221161559,W4285805793
W4298859189,W4205710934
W4285083710,W3120013091
W4282007552,W3207791258
W4282007552,W4220665899
W3167461954,W3167461954
W4387396237,W4200468535
W4387396237,W4307344144
W4399708301,W3137011944
W4399708301,W4224294769
W4399708301,W4386694050
W4221143141,W3120569425
W4390416520,W4284886054
W4285294075,W4213449012
W4416214686,W3138914459
W3208303193,W3119738836
W3208303193,W3177246877
W3208303193,W3197033820
W4414117855,W4399485326
W4405261046,W3131392783
W4405261046,W3204462302
W4405261046,W4226083552
W4405261046,W4285223321
W4405261046,W4290378967
W4405261046,W4307676185
W4405261046,W4308954783
W4405261046,W4312038990
W4405261046,W4321482552
W4405261046,W4390410826
W4285598884,W3170498935
W4410190959,W3126192021
W4410190959,W4387805023
W4410190959,W4389387350
W4410190959,W4399515761
W4410190959,W4402194663
W4410190959,W4405177765
W4410190959,W4406184875
W4410190959,W4407040095
W4388747481,W3188985572
W4388747481,W4281740949
W4388747481,W4312093661
W4388747481,W4380446416
W4388747481,W4386884537
W4388747481,W4388747481
W4409619224,W4392625154
W7118236165,W3169562850
W7118236165,W4395042291
W7118236165,W4407968045
W7118236165,W4414082365
W7163506722,W3186932900
W7164413752,W4205880340
W4402425150,W4226455345
W4412951507,W4321097797
W4412951507,W4366685047
W4412951507,W4409766468
W4308512595,W3193691077
W7136486120,W4402349565
W4379284117,W4205286127
W4379284117,W4327759235
W4379284117,W4399415354
W7119504009,W4320502321
W7119504009,W4399740082
W4410327926,W4365148286
W7125258248,W4417444843
W4400185670,W3206812573
W4400185670,W4289518974
W4400185670,W4392879269
W4392907769,W4313855481
W4210935844,W3187769763
W4388479105,W4388479105
W4307981243,W3162450672
W4307981243,W3194334654
W4307981243,W3203981588
W4400351372,W3215528006
W4400351372,W4366493057
W4409204526,W4220830056
W4409204526,W4308620314
W4409204526,W4392198947
W4399934501,W3161063851
W4399934501,W4388871242
W4392649246,W4280625250
W7203860612,W4288036471
W7203860612,W4361215213
W7203860612,W4385740330
W7203860612,W4402792620
W7203860612,W4416395547
W4282563474,W4282563474
W4405693181,W4297121230
W4405693181,W4323051231
W7128674002,W4200331843
W7128674002,W4392871789
W4411380324,W4386495722
W4400560825,W3174721530
W4400560825,W3214683409
W4400560825,W4210817659
W4400560825,W4304889418
W4400560825,W4310648975
W4400560825,W4322775420
W4400560825,W4367844043
W4400560825,W4391680891
W4400560825,W4396820246
W3175335468,W3175335468
W4407898530,W4293577309
W4407898530,W4386438687
W4407898530,W4407898530
W3195678569,W3204165321
W4392905897,W4320484761
W4383821004,W4280637657
W4383821004,W4281779019
W4360770746,W3140992700
W7167095944,W4405755896
W7167095944,W4407357370
W7167095944,W4410040007
W7167095944,W4414210246
W7167095944,W4416203732
W4200614412,W3139542841
W4200614412,W3151634233
W4200614412,W3162490422
W7140889342,W4205904032
W7140889342,W4405596277
W4410390476,W3159491787
W4392506286,W4390889423
W4281951565,W4207077072
W4401560766,W4365998129
W4206826367,W3179812603
W4206826367,W4225693885
W4378842868,W4310449368
W4378842868,W4312219141
W4378842868,W4378843082
W4392230263,W3135747102
W4387461822,W4367312126
W4387461822,W4385607072
W4386727901,W4292834532
W4414566548,W3192903008
W4414566548,W3122059388
W4414566548,W4401211033
W4414566548,W4394905311
W4401216144,W3196907066
W3165689786,W4296662823
W4415976382,W3179303093
W4415976382,W3211732544
W4415976382,W4293374784
W4415976382,W4400005926
W4415976382,W4400883069
W4415976382,W4405493375
W4392761772,W3127802927
W4392761772,W3214483552
W4392761772,W4376106638
W4392761772,W4392761772
W4391807435,W3133526164
W4391807435,W3194052897
W4391807435,W4210731194
W4391807435,W4213289503
W4391807435,W4285526078
W4391807435,W4293195512
W4391807435,W4312645560
W4391807435,W4313518310
W4391807435,W4379259674
W4391807435,W4385453616
W4409001781,W4380729415
W4409001781,W4393901689
W4405134457,W4302290892
W4402890403,W4309478445
W4384341059,W3133671857
W4384341059,W4206761975
W4384341059,W4372260258
W4221094327,W3172074467
W4313444847,W3174765922
W4313444847,W4223902536
W4214905249,W3193223779
W4405830668,W3154461191
W4405830668,W3178664441
W4405830668,W4223970269
W4405830668,W4282928318
W4405830668,W4304758149
W4405830668,W4322754421
W4405830668,W4377233679
W4405830668,W4387663455
W4405830668,W4393407726
W4317617527,W3198636434
W4317617527,W4293066239
W4416549351,W4285152302
W4416549351,W4401647394
W3196639389,W3196639389
W4417072577,W4289520273
W4417072577,W4307243335
W4401268829,W4282000690
W4401268829,W4401268829
W4289868138,W3122744069
W4289868138,W3127063032
W4289868138,W3185053343
W4289868138,W3198331270
W4289868138,W3199299865
W4289868138,W4283071033
W7211947265,W4405447362
W7211947265,W4406250663
W7211947265,W4407189625
W7211947265,W4411779234
W4221125942,W3133980336
W4378174724,W4286203437
W4319440411,W3135192710
W4319440411,W3183329356
W4285215021,W3129791570
W4285215021,W3154925182
W4416980921,W4395112030
W4412629089,W4406260352
W4403432518,W4242851664
W4402141336,W4391306175
W4409151655,W4388565159
W3137757026,W3128871346
W7161589588,W4387595417
W4408100186,W3120784776
W4408100186,W3194052897
W4408100186,W4312645560
W4408100186,W4313518310
W4408100186,W4361853982
W4408100186,W4379259674
W4408100186,W4385453616
W4408100186,W4386159341
W4408100186,W4401211655
W4408100186,W4402686870
W4399812881,W4363678454
W4411540441,W4388901350
W4411540441,W4396921301
W4411540441,W4400060722
W4411540441,W4407967914
W4411540441,W4410020542
W4401865857,W4311108326
W4401865857,W4401865857
W4401865857,W4405530931
W4289520273,W3186181768
W4289520273,W4309323205
W7140303486,W3209814434
W7140303486,W4223541099
W7140303486,W4313568006
W7140303486,W4389625322
W7140303486,W4392517487
W7140303486,W4404028948
W7140303486,W4414583638
W4402747565,W4392194055
W4290759002,W4213252554
W4396832304,W4285810273
W4396832304,W4313405122
W3202604212,W3120615272
W4403790719,W4224243249
W4403790719,W4322632311
W4403790719,W4366087979
W4407760001,W4283803434
W4407760001,W4391273012
W4407760001,W4383102915
W4407760001,W3112618968
W4407760001,W4394905311
W4407760001,W3178960719
W4296709999,W3198783871
W4296709999,W4296709999
W4205790202,W3168991457
W4387600572,W3119738836
W4387600572,W3177246877
W4387600572,W3197033820
W4387600572,W3208303193
W4387600572,W4377823567
W4281259703,W3178665385
W4406421710,W3197194607
W4406421710,W4281620518
W4391470347,W4323348133
W4412910911,W3164207021
W4385662295,W3209926681
W4388189483,W4308989636
W7170720977,W4386198630
W4362521582,W4295308826
W4387517869,W3129892326
W4387517869,W3167088720
W4387517869,W3210032307
W4387517869,W4214879128
W4380149343,W3135485603
W4411968632,W4282964734
W4411968632,W4381952372
W4386603163,W4283577304
W7154936410,W4388529225
W4395007110,W4387807491
W3211879871,W3141744159
W4415424293,W3182279934
W4415424293,W3206812573
W4415424293,W3214399682
W4415424293,W4210437840
W4415424293,W4285093237
W4415424293,W4289518974
W4415424293,W4291130595
W4415424293,W4392044181
W4389495223,W3180230823
W4409871480,W4394905311
W4395042803,W4378173074
W4395042803,W4383314111
W4408892958,W3210056739
W4408892958,W4380485873
W4408892958,W4381248472
W7166828436,W4388900964
W4406862056,W3134195618
W4406862056,W3205108747
W4406862056,W4210653628
W4406862056,W4224241643
W4406862056,W4382502410
W4320059739,W4317928157
W4385349993,W4288074629
W4385349993,W4322632311
W4310110547,W3192679399
W4406979051,W4205737363
W4406979051,W4286491651
W4406979051,W4313855481
W4406979051,W4396629147
W7165775815,W4406814378
W7165775815,W4411184621
W7165775815,W4415497776
W7165775815,W4416903102
W4408974609,W3134195618
W4408974609,W3177664440
W4408974609,W4224241643
W4408974609,W4372354924
W4408974609,W4378363413
W4408974609,W4389356826
W4408974609,W4392086789
W4408974609,W4396640037
W4408974609,W4401062291
W4382021612,W4283767955
W4211021803,W4210351007
W4211021803,W4211060001
W4386248707,W4296309276
W4408243174,W4399934501
W4387760977,W3171640115
W4387760977,W4205096035
W3195176717,W3111211383
W3195176717,W3126665462
W3195176717,W3136533732
W3195176717,W4243447653
W3195176717,W4285732530
W4378838587,W3085837059
W4378838587,W3101571101
W4378838587,W3112618968
W4378838587,W3139319730
W4378838587,W3178960719
W4378838587,W3198152929
W4378838587,W4283803434
W3133968203,W3157532629
W3133968203,W3172436430
W4405660782,W4388752701
W4405660782,W4393549560
W4402119168,W3194947502
W4402119168,W4292454820
W4402119168,W4312245218
W4416416882,W3168121385
W4416416882,W4285388886
W4416416882,W4411715381
W4416416882,W4414167887
W4404704332,W4281798124
W4404704332,W4386029208
W3120311382,W3120311382
W4412036633,W3214627820
W4412036633,W4400146155
W4387917611,W3122795031
W4394930079,W3161325180
W4394930079,W3205547829
W4394930079,W4220927103
W4405572233,W4318187172
W4405572233,W4398771436
W4405732220,W3157037438
W4405732220,W4313473074
W4405732220,W4387422443
W4405732220,W4396809722
W4405732220,W4400942876
W4393930114,W4380048615
W4393930114,W4381550592
W4416978071,W4385792841
W4416978071,W4406207344
W4416978071,W4407074008
W4416978071,W4410806622
W4409404029,W4289517000
W4409404029,W4324344391
W4400493581,W2963002078
W7118019204,W4297902861
W7118019204,W4307571959
W7118019204,W4309832335
W7118019204,W4390750536
W7118019204,W4392594000
W3191420927,W2990187828
W7201851419,W3168359365
W7201851419,W4396641340
W7201851419,W4396808380
W7201851419,W4413121720
W7201851419,W7163141458
W4402988473,W3126369185
W4402988473,W4200463943
W4402988473,W4283729484
W4402988473,W4323366137
W4411046833,W4372214840
W4411046833,W4387671652
W4411046833,W4391464187
W4411046833,W4402330537
W4411717731,W3112618968
W4411717731,W3135436087
W4411717731,W3178960719
W4411717731,W4394905311
W7117327641,W4414122248
W4400673751,W4385349993
W7140317428,W4380302786
W4391111350,W4225576441
W4391111350,W4391893514
W4310113024,W4293080080
W4387110357,W4283654187
W4406589644,W4220914077
W4406589644,W4391179374
W4298012959,W3137657824
W4401430587,W4385425730
W4401430587,W4399782262
W4401430587,W4404416696
W7134979473,W3198535020
W7134979473,W4281740949
W7134979473,W4386209286
W7134979473,W4394674902
W4386705391,W3203892910
W4405055615,W3158177270
W4405055615,W3198697586
W4405055615,W4200522072
W4405055615,W4392715968
W4409002678,W3206318277
W4409002678,W4394750156
W4409002678,W4406968264
W4400913718,W4389393067
W4400913718,W4399525463
W4383227992,W4309702764
W3136533732,W3111211383
W3136533732,W3126665462
W3136533732,W3153769838
W3136533732,W4243447653
W7134263453,W4283753813
W4394577886,W3168212288
W4394577886,W4206197282
W7151214534,W4385425730
W7151214534,W4404416696
W7119502747,W3124269465
W4412097718,W4313649880
W7151336103,W4396656195
W4388128184,W4388183508
W4319592726,W4206416344
W4319592726,W4293574888
W4319592726,W4300863670
W7154599817,W4392820336
W7154599817,W4395072014
W7154599817,W4400118668
W4292372336,W3166296073
W3134592312,W3134592312
W4401975942,W3206812573
W4401975942,W4289518974
W4401975942,W4389356826
W4386820469,W3128034204
W4292379602,W3134040239
W4292379602,W3212635500
W4395448905,W4390245840
W4283793747,W3126627207
W4283793747,W3134314150
W4283793747,W3147055522
W4283793747,W3200575889
W4378843264,W4225357251
W4378843264,W4225707769
W4378843264,W4280548104
W3207372427,W2797547379
W3207372427,W3189426211
W4415303482,W4405857140
W7166175247,W4308104477
W7166175247,W4312160059
W7166175247,W4367840922
W7166175247,W4386982797
W7166175247,W4410002754
W7166819526,W4365998129
W4407942304,W4307638794
W4414192981,W4310794463
W4392001857,W4324157285
W4292489368,W3138730729
W4387022651,W3201425817
W4405649601,W3187753002
W4405649601,W4393943873
W4410259196,W4384698654
W4224018486,W3157295976
W4403551991,W4389572363
W7169845212,W3194373380
W7169845212,W4377823567
W7169845212,W4396641340
W7169845212,W4396808380
W7169845212,W4413121720
W7169845212,W7104546841
W7169845212,W7162658453
W7169845212,W7163141458
W4415565896,W4232237566
W4415565896,W4281263642
W4415565896,W4292092839
W4415565896,W4400405673
W4417212745,W4400533238
W4417212745,W4401211033
W4417212745,W4417432180
W4310080604,W4280648312
W3199284718,W3155147859
W4366256770,W4366256770
W4385241915,W3173592414
W4372354924,W3134195618
W4372354924,W3169520380
W4372354924,W3197485399
W4372354924,W4210437840
W4401014501,W4399201444
W4318224806,W4318224806
W4318224806,W4398573566
W4415306893,W4404034510
W4415306893,W4225407198
W4415306893,W4410948942
W4415306893,W4400354388
W4415306893,W4323651929
W4415306893,W4391230929
W4415306893,W4210817659
W4415306893,W3215369792
W4415306893,W4322775420
W4415306893,W4319752452
W4415306893,W4396511637
W4415306893,W4367844043
W4415306893,W4389979069
W4415306893,W3210040080
W4415306893,W4386185084
W4415306893,W4400733355
W4415306893,W3110713251
W4399485326,W3214927936
W4399485326,W4386159486
W4399485326,W4386160259
W4392356798,W4285810273
W4392356798,W4313405122
W4392356798,W4396832304
W7203738656,W4294750755
W4399755959,W4291209259
W3174307797,W3160264158
W7114900121,W4410539238
W7114900121,W4414359367
W4403915061,W4282973403
W4403915061,W4310127921
W4390606299,W4221140302
W4390606299,W4310449368
W4390606299,W4312219141
W4390606299,W4361029949
W4390606299,W4378842868
W4390606299,W4386159140
W4390606299,W4386260189
W4390606299,W4386260274
W4400359810,W4293245256
W4400359810,W4366493057
W4414507806,W4281660682
W4414507806,W4391449940
W3210663094,W3153626527
W4408360670,W4399561985
W4408360670,W4400883379
W4408360670,W4401108209
W4408360670,W4402675562
W4408360670,W4404626323
W4353086315,W4225679046
W7155512569,W4409657408
W7155512569,W4414986547
W4415508192,W3168354198
W4318755187,W3130566328
W4318755187,W4210310905
W4393932923,W4391379869
W4387353086,W3137657824
W4387353086,W4221065317
W4387353086,W4298012959
W4412830001,W3142541816
W4412830001,W4293792601
W4404259834,W4401211033
W7204783851,W4403391475
W4406267224,W4323544889
W4406267224,W4396600998
W4387770884,W4206182295
W4387770884,W4365139304
W4387770884,W4381890014
W4361272182,W3130217290
W4361272182,W4207012599
W7172002316,W3119402276
W7172002316,W4242451804
W7172002316,W4417503777
W4283710452,W3178960719
W4324332755,W4296416787
W4324332755,W4312866492
W4324332755,W4324332700
W4324332755,W4324332735
W4307922190,W3196971725
W7155201014,W4323544460
W4416692500,W4386789478
W4416692500,W4407994699
W3200644477,W2911257994
W3157532629,W3149785283
W3157532629,W3172436430
W4403760896,W4382239940
W4313510172,W3179303093
W4401458358,W4385241764
W4389685826,W4214592745
W4389685826,W4323817655
W4396230728,W3155496243
W4396230728,W4229015049
W4396230728,W4310018711
W4387160340,W4387160340
W4413597308,W4313678788
W7134246491,W4407003754
W4296252236,W4283752180
W4200127516,W4239394971
W4405755165,W4313680195
W4405755165,W4388108488
W4405755165,W4410040007
W7138877414,W4387824654
W4226083552,W3131392783
W4226083552,W3163441530
W4226083552,W3204462302
W4226083552,W3214875927
W4409433116,W3137144429
W4409433116,W3138753282
W4409433116,W3159965249
W4409433116,W3182909185
W4409433116,W4225326258
W4409433116,W4313314322
W4409433116,W4387059948
W4409433116,W4391953090
W4386639940,W4309074405
W4386639940,W4386639940
W4415058564,W4205783479
W4415058564,W4205825586
W4415058564,W4313608416
W4415058564,W4320710181
W4415058564,W4323892775
W4415058564,W4385968958
W4415058564,W4411102042
W4415058564,W4413272459
W7165523467,W4401077638
W4416382209,W4375865843
W4312108281,W3093411798
W4312108281,W3101000142
W4312108281,W3113004529
W4312108281,W3120525098
W4312108281,W3128365523
W4312108281,W3164642346
W4312108281,W3179937490
W4312108281,W3200054614
W4312108281,W3215983294
W4312108281,W3216098551
W4312108281,W4200417405
W4312108281,W4210952972
W4312108281,W4212986795
W4312108281,W4221148127
W4312108281,W4226033020
W4312108281,W4226477108
W4312108281,W4283803434
W4312108281,W4306888997
W4312108281,W4312219349
W4312108281,W4379054070
W4312108281,W4385269804
W4312108281,W4412611598
W4206055331,W3125018023
W4206055331,W3154775884
W4413624538,W4239297835
W4407736609,W4399113395
W4205799335,W3169909418
W4205799335,W3206212349
W7131348244,W4225793043
W7131348244,W4312066427
W7131348244,W4362669767
W4410740698,W4226373550
W4410740698,W4306317693
W4410740698,W4388922185
W4410740698,W4393549560
W4410740698,W4406203512
W4410740698,W4410219522
W4415747232,W3185740305
W4415747232,W3194005326
W4415747232,W4386244252
W4415747232,W4400009152
W4415747232,W4407089949
W4415747232,W4408952862
W4285047193,W3174294815
W4285047193,W3199247289
W4285047193,W4281552736
W4411157178,W4306153404
W4411157178,W4312094059
W4223422453,W3127063032
W4223422453,W3136788069
W4223422453,W4206963521
W4380634207,W4290839546
W4380634207,W4313379763
W4417350398,W4389079463
W3192679399,W3173102681
W4409060097,W4310449368
W4409060097,W4312219141
W4409060097,W4361029949
W4409060097,W4378842868
W4409060097,W4386159140
W4409060097,W4386260189
W4409060097,W4390416451
W4409060097,W4390606299
W4409060097,W4391424134
W4409060097,W4391759783
W4409060097,W4393144915
W4409060097,W4393864284
W4409060097,W4394595774
W4409060097,W4396575244
W4409060097,W4402595128
W4362606213,W3208957374
W4390806927,W3178960719
W4390806927,W4283803434
W4390806927,W4379054070
W4407951117,W4363620141
W4407951117,W4391021940
W4407951117,W4402260392
W4403131565,W3003602738
W4403131565,W3162450672
W4403131565,W3164999091
W4403131565,W4366977339
W4417290795,W4404522970
W4417290795,W4408007384
W4417290795,W4413780535
W4391053778,W3133671857
W4391053778,W4206761975
W4391053778,W4372260258
W4395470331,W4229445750
W7170171090,W4386537343
W7170171090,W4393978937
W7154972604,W4415719264
W4416117858,W4388494677
W4416117858,W4391594914
W4414606804,W4387389433
W4414606804,W4391429953
W4378836777,W4226322736
W7117997033,W4391927854
W7117997033,W4407797575
W4315619403,W4285048842
W4315619403,W4312198703
W4402434841,W4311485032
W4317631163,W3188496752
W4372298597,W3111211383
W4372298597,W3155276450
W4372298597,W3174741611
W4372298597,W4243447653
W4372298597,W4285732530
W4380370811,W4221154998
W4411163506,W3135747102
W4411163506,W3161325180
W4411163506,W4290844201
W4411163506,W4311167247
W4411163506,W4388448648
W4411163506,W4396616724
W4411163506,W4401262902
W4385627657,W3172592264
W7124774468,W3135010812
W7124774468,W4213289503
W7124774468,W4385453616
W7124774468,W4401211655
W7124774468,W4412986603
W7124774468,W4416778655
W4290853767,W3113261584
W7117164205,W3217058327
W7117164205,W4390659025
W7117164205,W4390974851
W4412725255,W4366977908
W4412725255,W4402625831
W7118221091,W4386215535
W4386029208,W3125530683
W4386029208,W4281798124
W7117320332,W4200248222
W4414203347,W3152903210
W4414203347,W3156190132
W4414203347,W4312204992
W4414203347,W4385858218
W4414203347,W4407635753
W4403898315,W4387845284
W4406561778,W3134669466
W4406561778,W3160348949
W4406561778,W4295308826
W7147667705,W4410641055
W4386572979,W3213276340
W4386572979,W4281667012
W4366347207,W3156598115
W4366347207,W3156674809
W7127958889,W4400835163
W4414309228,W4401211033
W4385306064,W3214887515
W4389935857,W4296669969
W4389935857,W4297989307
W4392742350,W4283779953
W7214078409,W4220894285
W7214078409,W4376110162
W7214078409,W4411162647
W7214078409,W4411724459
W4392525907,W3134709466
W4392525907,W4224948141
W4416961529,W4407316857
W4416961529,W4410027450
W4399176527,W4385638969
W4403042717,W4395013797
W4380789547,W3118535008
W4380789547,W3211762520
W4380789547,W4293213756
W4380789547,W4303021939
W4380789547,W4319442556
W4411162647,W4408212349
W4414008099,W3146630895
W4414008099,W4400099204
W7118780177,W4388705780
W7118780177,W4405041052
W4367282060,W4221140302
W4367282060,W4280637443
W4367282060,W4310521337
W7171513695,W4400571981
W4402580216,W3217807122
W4402580216,W4395691028
W3164830100,W3123212709
W3164830100,W4239297835
W4398141730,W4291536270
W4384560535,W3112618968
W4384560535,W3178960719
W4226031159,W3023375590
W4226031159,W3160314057
W4226031159,W3203481566
W4200250447,W4200366824
W4406825265,W3118875409
W4406825265,W3193223779
W4406825265,W3203428752
W4406825265,W4283750065
W4406825265,W4318052223
W4406825265,W4376225771
W7204843339,W7143996785
W4399359426,W4317932677
W4399359426,W4386346874
W4399359426,W4388718831
W4410515183,W4394692902
W4415069876,W4401405092
W7168040520,W3137011944
W7168040520,W4224294769
W7168040520,W4386694050
W7168040520,W4408866252
W7167695283,W4296041708
W4412373884,W4380992730
W3124630490,W3087430957
W3124630490,W3120615272
W3124630490,W3128849487
W7201844544,W4294316680
W7116982769,W4366259796
W7116982769,W4409165707
W4296196475,W3183657766
W4387027808,W4319729410
W4308389113,W4295925815
W4411377478,W3088611318
W4411377478,W4315779842
W4411377478,W4408759222
W4410234257,W4317668805
W4410234257,W4382727268
W4410234257,W4396533091
W4410234257,W4402231801
W4312406186,W4226370753
W4312406186,W4283211406
W4393551951,W4376137861
W7213931440,W3208775295
W7213931440,W4200031282
W7213931440,W4205407333
W7213931440,W4220702467
W4386595945,W3144529494
W4386595945,W4362703455
W4378981140,W3032736264
W4378981140,W3165326852
W4378981140,W3201799066
W4378981140,W4206819973
W4378981140,W4307136120
W4393943461,W3173556662
W4393943461,W4393955203
W7115728665,W4386820469
W4391324917,W4309702764
W4289549903,W3147657356
W4289549903,W4210998707
W7134856464,W4411664491
W4280502509,W3214198043
W4280502509,W4200547680
W4312192610,W3179856022
W4312192610,W4200201621
W4404446487,W4323310143
W4404446487,W4392459749
W4399260413,W3183657766
W4399478108,W3161569737
W4399478108,W4381853480
W4399478108,W4382021612
W7118160974,W4384126558
W7118160974,W4387009878
W4410020542,W4388901350
W4410020542,W4400060722
W4410020542,W4407967914
W4389505461,W4367627324
W4403044233,W3211383864
W4403044233,W4281768415
W4403044233,W4388522837
W4403044233,W4389884901
W4403044233,W4394022780
W4312067237,W4286203437
W4312067237,W4310528218
W4408310217,W3214627820
W4408310217,W4407631269
W7161721985,W3200475073
W7161721985,W4406250663
W7161721985,W4407591842
W4396610491,W3206471890
W4396610491,W4313261770
W4306173735,W4306173735
W4407156724,W4401634247
W4414499342,W4414436930
W7131091360,W3135793359
W4408678418,W4396955521
W3111211383,W3111211383
W3111211383,W3126665462
W3111211383,W3133859695
W3111211383,W3153769838
W3111211383,W3159111439
W3111211383,W3174741611
W3111211383,W3195176717
W3111211383,W4285732530
W4411020963,W4399855228
W4411020963,W4406974139
W4385792841,W4285587776
W4282588159,W4224015890
W4316022300,W3119255531
W4316022300,W3185053343
W4316022300,W3188331302
W4322754421,W3154461191
W4322754421,W3178664441
W4322754421,W4223970269
W4322754421,W4282928318
W4322754421,W4294884837
W4322754421,W4304758149
W4394618854,W4308485032
W4394618854,W4360856871
W4394618854,W4405987166
W4390414973,W4313594150
W4386055072,W4365514639
W4402709855,W3195347958
W7133205099,W3179521072
W7133205099,W4400533508
W4310813152,W3108746647
W4310813152,W3118887992
W3133329762,W3127802927
W4399970858,W3211570432
W4399970858,W4212947648
W4399970858,W4308498415
W4399970858,W4366605716
W4399970858,W4400884047
W4317924159,W3167321938
W4283368337,W3138990775
W4283368337,W3154925182
W7138399904,W3112618968
W7138399904,W3178960719
W7138399904,W4283803434
W7138399904,W4306888997
W7138399904,W4385275940
W7138399904,W4394905311
W7138399904,W4410766472
W4287889744,W3174765922
W4361029949,W4214569849
W4361029949,W4286620286
W4225894173,W3199315556
W4225894173,W4226455345
W4402602622,W3191374513
W4221154503,W3112618968
W4221154503,W3135436087
W4221154503,W3178960719
W4404342030,W4379356221
W4402713923,W4323810845
W4318999333,W4391838305
W4404843515,W4391235064
W4313421297,W3195678569
W4380729415,W3194709117
W4380729415,W3205383708
W4380729415,W4200563456
W4380729415,W4207077072
W4380729415,W4280557873
W4380729415,W4283271016
W4380729415,W4295925815
W4382542258,W3167912762
W4382542258,W4225312686
W4408518374,W4321097797
W4408518374,W4385780639
W4408518374,W4392585968
W4401149193,W4200425809
W4412469438,W4384829115
W4409397342,W4387860017
W4223438099,W3121709350
W4223438099,W3155550370
W4223438099,W3155806984
W7135043023,W3216666167
W7135043023,W4380789547
W7135043023,W4400696749
W7135043023,W4413103547
W3193079297,W3133877412
W7161158000,W3214627820
W7161158000,W4210355398
W7161158000,W4317545559
W7161158000,W4390442154
W7161158000,W4402595702
W7161158000,W4412036633
W4206974933,W3118467713
W4206974933,W3122059388
W4206974933,W3192903008
W7128809025,W3187441665
W7128809025,W3206004330
W7128809025,W4377138683
W7128809025,W4391922549
W4402364500,W3151676492
W4402364500,W4292977281
W4401381016,W3135434353
W4401381016,W4300724969
W4401381016,W4301180901
W4401381016,W4319443245
W4401381016,W4387728681
W4417065374,W3112618968
W4417065374,W3168408968
W4417065374,W3178960719
W4417065374,W3217020768
W4417065374,W3217268717
W4417065374,W4225003256
W4417065374,W4282932639
W4417065374,W4285371578
W4417065374,W4386475257
W4417065374,W4391591351
W4417065374,W4391871276
W4417065374,W4392183581
W4417065374,W4394905311
W4417065374,W4394905319
W4417065374,W4399933329
W4405931418,W4402630086
W4410112023,W3145866253
W4312058320,W4309542202
W4282586422,W3199167473
W4413452955,W3126627207
W4413452955,W3157698770
W4413452955,W4283793747
W4413452955,W4298126387
W4413452955,W4312094454
W4413452955,W4366134155
W4413452955,W4380870855
W4413452955,W4393356213
W4413452955,W4393385233
W4404153000,W3139442454
W4404153000,W3190421764
W4404153000,W4286698407
W4404153000,W4311679888
W4404153000,W4386887387
W4403523088,W3199551559
W4403523088,W4293223332
W4403523088,W4323975495
W4403523088,W4389783352
W4403523088,W4400805631
W4403730240,W4376870089
W4403730240,W4396596015
W7147437571,W4410451354
W4408066041,W4384197637
W4412110127,W4391809604
W4412110127,W4409280206
W4412110127,W4410986313
W4412968454,W3201331982
W4412968454,W3207010260
W4412968454,W4285085129
W4412968454,W4307565043
W4412968454,W4393066355
W7207756859,W7150221674
W4404142846,W3167768535
W4404142846,W4306772682
W4404142846,W4390057013
W4404142846,W4394817595
W4394783486,W4282031027
W4394783486,W4283690435
W4394783486,W4311434604
W4394783486,W4381853480
W4386935154,W4321603867
W4388300897,W4323348133
W7155065530,W4392059253
W7155065530,W4410992269
W4306252531,W4294919729
W4383344019,W3178960719
W4383344019,W4221161534
W4399070242,W3197244601
W4399070242,W4315784059
W4399070242,W4383341825
W4399070242,W4385620201
W4411346165,W3163305932
W4411346165,W4400558410
W4285736221,W4285736221
W4409551722,W4362604857
W4409551722,W4404123135
W4405638383,W2963002078
W4405638383,W4392111378
W4411177146,W3173366033
W4411177146,W3198696472
W4411177146,W4309885797
W4411177146,W4387301449
W4387569857,W4220958411
W7134172928,W4220863096
W7134172928,W4298087408
W7134172928,W4318819904
W7134172928,W4399480363
W7125641320,W4395053413
W4391563596,W4200007643
W4404689277,W4200150967
W4404689277,W4318999333
W4404689277,W4362624705
W4404689277,W4378190239
W4404689277,W4391838305
W4404689277,W4404689403
W4375959530,W2963002078
W4375959530,W3112618968
W4375959530,W3178960719
W4375959530,W4223688201
W4403826288,W4365450279
W3182183201,W3173221507
W4394743378,W3198468046
W7140503357,W4405920518
W7140503357,W4408978657
W7157311333,W4392850377
W4393188344,W4322504353
W4390532444,W4226456618
W4390532444,W4321780060
W4390532444,W4381162728
W4306906522,W3199551559
W4380048615,W4361000349
W4406119183,W4402329721
W4389379431,W4310364785
W4389379431,W4383702656
W4312280840,W3132916831
W4312280840,W3184688248
W4312280840,W3199577727
W4312280840,W4200290608
W4406753478,W4205910918
W4205852692,W3198730646
W7172406350,W4389804554
W4416016756,W4385270506
W4416016756,W4401863389
W4416016756,W4404181019
W4416016756,W4409158403
W4416016756,W4412876917
W4416016756,W4412886869
W4404468682,W3124389607
W4404468682,W4286111691
W4404044139,W4313546498
W4380325081,W3119738836
W4380325081,W3147893367
W4380325081,W3177246877
W4380325081,W3194373380
W4380325081,W3197033820
W4412800289,W3188496752
W4412800289,W4388339844
W4401711458,W4324059077
W7212252190,W4396641340
W7212252190,W4396808380
W7212252190,W4406906829
W7212252190,W4413121720
W7212252190,W7163141458
W7212252190,W7169845212
W7212252190,W7207807722
W4413532896,W4214622705
W4413532896,W4285024192
W4413532896,W4379534153
W7128438206,W4379209248
W7128438206,W4392158813
W7128438206,W4404361650
W7128438206,W4411290764
W4383092853,W3143807503
W4399046496,W4310363169
W7170146049,W4226026437
W7170146049,W4414855931
W4391378979,W4295900181
W4406818399,W3131280169
W4406818399,W4288074554
W4406818399,W4360873921
W4406818399,W4377693844
W7161719009,W4408976136
W7161719009,W4415255955
W4387526240,W3110382623
W4387526240,W3214229048
W4387526240,W4309174798
W4387526240,W4311584602
W4387526240,W4379768780
W4413400675,W3130047823
W4413400675,W4281667095
W4413400675,W4391174093
W4365136010,W4321786321
W4283825725,W4281700520
W4395477995,W4289110521
W4395477995,W4308682342
W4395477995,W4388014603
W4396675142,W4283800984
W4396675142,W4312052647
W4388035568,W3119224404
W4282973403,W3216666167
W4400833507,W4386211460
W4318264080,W3132699603
W4318264080,W4221019370
W7161897991,W4401109544
W7161897991,W4416963264
W4413074987,W4391899333
W4413074987,W4404180856
W7163735123,W4398775162
W4367046445,W4225899427
W4391998109,W4200124029
W4391998109,W4282937068
W4391998109,W4382930914
W4391998109,W4384642581
W4307897788,W3126627207
W4410014664,W3211762520
W4410014664,W4319442556
W4410014664,W4392517487
W3208533639,W3163541922
W4327862829,W3211383864
W4327862829,W4281768415
W3193492363,W3170991167
W4405700724,W4297183843
W4281487631,W3176811808
W4400492651,W4297877386
W4400492651,W4381687089
W7167787173,W4404466423
W4309301191,W3157328895
W4417212658,W3101571101
W4417212658,W3178960719
W4417212658,W4383817520
W4407241902,W3213877749
W4407241902,W4385607072
W4378084936,W3216492329
W4413889407,W4403154402
W4413889407,W4407376848
W4413889407,W4408812938
W4391025760,W3121709350
W4391025760,W3155550370
W4391025760,W3156446579
W4391025760,W4281703310
W4391025760,W4391025760
W4366685047,W3127063032
W4366685047,W4283071033
W4366685047,W4288060393
W4366685047,W4289868138
W4366685047,W4293101993
W4366685047,W4310086069
W4243451192,W3047371806
W4401159012,W3121709350
W4401159012,W3156446579
W4401159012,W3212937751
W4401159012,W4281703310
W4401159012,W4393973765
W7168141473,W4213116381
W7168141473,W4280633142
W7168141473,W4288741460
W4295048098,W2990187828
W4295048098,W3122929861
W4295048098,W4200450154
W4390189047,W4310446064
W3175701282,W3119402276
W3175701282,W3194150229
W7140518942,W4200435752
W3163004825,W3118952628
W4221139964,W4221139964
W4391605139,W4391605139
W4388667455,W4224948141
W4388667455,W4281678390
W4225434060,W3112618968
W4225434060,W3131624221
W4225434060,W3178960719
W4411457323,W4377101750
W4411457323,W4392385407
W4321612823,W4306681654
W4416816615,W3212727942
W4298121329,W3120605818
W4298121329,W4280542341
W4388705780,W4226443605
W4293058532,W3200387973
W4412504835,W4400790673
W4412504835,W4408094046
W7167287728,W2979683916
W7167287728,W3118259108
W7167287728,W4382238470
W4413106504,W4402713923
W4404765525,W4388034511
W4409032387,W3176852009
W4409032387,W3212711117
W4409032387,W4205419016
W4409032387,W4205904032
W4409032387,W4324122179
W4409032387,W4366178537
W4409032387,W4377089095
W4409032387,W4391146671
W4409032387,W4391874209
W4408528606,W4381624353
W4388591036,W3124585421
W4388591036,W4323051684
W4415992067,W3158056127
W4312217867,W4312217867
W4409740681,W4394905311
W4365800719,W3174562978
W4365800719,W4205880012
W4403191104,W3175434968
W4403191104,W4312179061
W4387737164,W4200337629
W3169998052,W3169998052
W4410735950,W4323981181
W4416355852,W4409654943
W4416355852,W4412192069
W3195976229,W3195976229
W7126177365,W4206050927
W7126177365,W4282841045
W7126177365,W4319791717
W7126177365,W4400986879
W4386113143,W4386113143
W3205113550,W3133917447
W4221146966,W3194629154
W4221146966,W4214818317
W7125522864,W4411030895
W7133363503,W4399973455
W7133363503,W4400499443
W4284991619,W3131212241
W4284991619,W3142541816
W4394674902,W3188985572
W4394674902,W4281740949
W4394674902,W4312093661
W4394674902,W4380446416
W4394674902,W4386884537
W4385276368,W4311943875
W3164442613,W3164442613
W4406572420,W4297886833
W4406572420,W4366452046
W4406572420,W4396495015
W4402434794,W4289110521
W4402434794,W4321004044
W4402434794,W4392345977
W7129334885,W3155813015
W7129334885,W4295969304
W7129334885,W4392586512
W4389254215,W4393169842
W4394820388,W4284693861
W4394820388,W4308148580
W7166547509,W4410912398
W7166547509,W4415495265
W4390410826,W3204462302
W4390410826,W4226083552
W4390410826,W4307676185
W4390410826,W4308954783
W4390410826,W4312038990
W4410512010,W3208957374
W4410512010,W4282592006
W4410512010,W4383955248
W4410512010,W4384818677
W4362658299,W3136922489
W4362658299,W3178665385
W4362658299,W4205783479
W4362658299,W4210528561
W4362658299,W4281259703
W4362658299,W4304203071
W4383552052,W4367298644
W7128294475,W3164962350
W7128294475,W3169530204
W7128294475,W4224871336
W7128294475,W4307125471
W7128294475,W4388018939
W7128294475,W4402266102
W4310022966,W3022580336
W4310022966,W3023109782
W4296416787,W3174765922
W4296416787,W4223902536
W4388721090,W4285217068
W4388721090,W4286620286
W4409245150,W3135192710
W4409245150,W3183329356
W4409245150,W4282000690
W4409245150,W4289868138
W4409245150,W4313400145
W4409245150,W4390673656
W4409245150,W4393084634
W4409245150,W4401613421
W4221055534,W3137127569
W7125994688,W4408171472
W4317928157,W4320059739
W4391562487,W3131392783
W4391562487,W4226083552
W4391562487,W4285223321
W4391562487,W4290378967
W4391562487,W4307676185
W4391562487,W4308954783
W4391562487,W4312038990
W4391562487,W4390410826
W4380485873,W3195354527
W4380485873,W3201238766
W4380485873,W3210056739
W4311869332,W3166466670
W4311869332,W3202309390
W4405387678,W4394750156
W3217004300,W3101000142
W3217004300,W3112618968
W3217004300,W3135045610
W4410237424,W4410237424
W4392946509,W4384103778
W4392946509,W4385423940
W4392946509,W4392946509
W4408151775,W3153626527
W4408151775,W4220934968
W4408151775,W4288084253
W4408151775,W4306888967
W4408151775,W4312181039
W4408151775,W4317831006
W4408151775,W4362458883
W4408151775,W4390494000
W4408151775,W4392156343
W4408151775,W4402037962
W7162490158,W4416399226
W4391172658,W3118535008
W4391172658,W3211762520
W4391172658,W4224320189
W4391172658,W4319442556
W4391172658,W4380789547
W4391172658,W4382630818
W4212939313,W3169909418
W4212939313,W4212939313
W7214293950,W4399702463
W7214293950,W4402330537
W7214293950,W4410806061
W4391577922,W3134615649
W4391577922,W4306688040
W4413271596,W4296343072
W7117979018,W4390750536
W4408894274,W3204446679
W4408894274,W4225291808
W4408894274,W4402789299
W3183210997,W3183210997
W4396641340,W3119738836
W4396641340,W3138990775
W4396641340,W3161927004
W4396641340,W3168359365
W4396641340,W3194373380
W4396641340,W4377823567
W4396641340,W4396808380
W7163526300,W3153626527
W7163526300,W4220934968
W7163526300,W4226063311
W7163526300,W4288084253
W7163526300,W4306888967
W7163526300,W4312181039
W7163526300,W4317831006
W7163526300,W4362458883
W7163526300,W4386477403
W7163526300,W4390494000
W7163526300,W4391519185
W7163526300,W4392156343
W7163526300,W4402037962
W7163526300,W4408151775
W7163526300,W4413444014
W4412625178,W4223586464
W4281643755,W3199268145
W7118193786,W3112618968
W4410516279,W4403922388
W4294884837,W3154461191
W4294884837,W4223970269
W4321479822,W3202309390
W4321479822,W4206611611
W4321479822,W4210347092
W4321479822,W4280604911
W4405335824,W4317840280
W4406382327,W4285821778
W3149797615,W3122208482
W4415479487,W4296119666
W4415479487,W4385566900
W4415757334,W4387408745
W4385603877,W3200154406
W7162957182,W4367044411
W7162957182,W7131286638
W4311633624,W3212927816
W4409205568,W4388695521
W4409205568,W4399320960
W4409205568,W4403498463
W4409205568,W4407121781
W4407411968,W4321479822
W4407411968,W4390037316
W4399347324,W4294974911
W4391431615,W4312090027
W4389054312,W4323366137
W4400767200,W4400767200
W4399969416,W4383314111
W4393235944,W3214399682
W4393235944,W4210437840
W4393235944,W4289518974
W4393235944,W4391811039
W4235507875,W4205434806
W4312161066,W3167554581
W4323780392,W3175148141
W3187135187,W3118675004
W7133237331,W4321483326
W7133237331,W4406550000
W4284667781,W4214630324
W4407189625,W4405447362
W4401566911,W3158894716
W4206182295,W3127444346
W4408540867,W3121709350
W4408540867,W3155550370
W4408540867,W3155806984
W4408540867,W3156446579
W4408540867,W4284885602
W4408540867,W4391025760
W4408540867,W4393973765
W4396575125,W4312219141
W4396575125,W4361029949
W4396575125,W4386159140
W4297236972,W3191420927
W4297236972,W4220881793
W4297236972,W4288074629
W4297236972,W4294266274
W4297236972,W4394974518
W4379741149,W3163541922
W4379741149,W4224871269
W4379741149,W4286784900
W4379741149,W4379741149
W4360609068,W4210551205
W4360609068,W4307003179
W4392594000,W3136595369
W4392594000,W4391167610
W4402543876,W3111211383
W4402543876,W3153769838
W4402543876,W4285732530
W4402543876,W4319000720
W4404062456,W4285223321
W4404062456,W4307676185
W4404062456,W4308954783
W4404062456,W4312038990
W4404062456,W4390410826
W4406184875,W3126192021
W4406184875,W4376108389
W4406184875,W4387805023
W4406184875,W4389387350
W4406184875,W4399515761
W4413103547,W3216666167
W4413103547,W4284893604
W4282937068,W4200124029
W7155171553,W3216074857
W4414161607,W4210903883
W4414161607,W4308710938
W4388288615,W3202949964
W4388288615,W4310813152
W4376626998,W3124153019
W4376626998,W4200128809
W4391427778,W4392459749
W4403648369,W3174334615
W4280524367,W3118454855
W4280524367,W3210350191
W7204047032,W3156823378
W7204047032,W3217754174
W7204047032,W4200129045
W7204047032,W4313366978
W7204047032,W4387900153
W7204047032,W4403038728
W4405892128,W3159444469
W4226223770,W3136238016
W4226223770,W3185769266
W4310187246,W4310187246
W4211195814,W3197086847
W4402355220,W4388014603
W4402355220,W4395477995
W4311765957,W4220894822
W4385145767,W4286471083
W4385145767,W4313244926
W4414190595,W4399855228
W4414190595,W4407923492
W4399532476,W3159961903
W4399532476,W4366814467
W4399532476,W4367598665
W4413314880,W3161243997
W4408716233,W3200154406
W4408716233,W4365563289
W4408716233,W4385603877
W4409771974,W3138397194
W4409771974,W3155407021
W4409771974,W4206292609
W4409771974,W4306809803
W4312100829,W3118535008
W4312100829,W3128374175
W4312100829,W3211762520
W3129579651,W3127584525
W4399293302,W4387807491
W3206812573,W3129683478
W3206812573,W3203760617
W7212003302,W4361304792
W7212003302,W4402751498
W7212003302,W4403982848
W7212003302,W4417354426
W4307136120,W3174375172
W3128849487,W3082120346
W3128849487,W3087430957
W3128849487,W3124630490
W4412941150,W3198945132
W4285181977,W4285181977
W7172512008,W3184540216
W7172512008,W3192384510
W7172512008,W7143673638
W4413435667,W3123457864
W4413435667,W4206252266
W4413435667,W4310193688
W4413435667,W4312473861
W4413435667,W4385678933
W4413435667,W4400227636
W3212120589,W3023109782
W7115060706,W4406288367
W4283655887,W3188331302
W4283034406,W3126192021
W7128623035,W4224871269
W7128623035,W4391743378
W4295846871,W4207077072
W4321482552,W3131392783
W4321482552,W3163441530
W4321482552,W3204462302
W4321482552,W3214875927
W4321482552,W4226083552
W4321482552,W4281655558
W4321482552,W4285223321
W4321482552,W4307676185
W4321482552,W4308954783
W4321482552,W4312038990
W3151634233,W3139542841
W4366819414,W4321108088
W4385462905,W4384103778
W4385462905,W4385759092
W7160321017,W3193975469
W4388659790,W4293080080
W4390037316,W4210347092
W7163558594,W4385764200
W4367627324,W4312589922
W4367627324,W4367627324
W3201130850,W3092566124
W3201130850,W3162243389
W3201130850,W3188504913
W4401540997,W2963002078
W4401540997,W4206963741
W4400883069,W4293374784
W4223564623,W4205602033
W4223564623,W4366823306
W4413048203,W3208775295
W4413048203,W4205407333
W4413048203,W4210767740
W4413048203,W4220702467
W4413048203,W4293872266
W4413048203,W4319293662
W4413048203,W4389488673
W4413048203,W4399104125
W4413048203,W4403040850
W4413048203,W4403701892
W4413048203,W4405828871
W4413048203,W4410861896
W7144247617,W3155955096
W4390416072,W4310521337
W4403837079,W3161822984
W4416659843,W4399973455
W4416659843,W4400499443
W4387199899,W4297374041
W4387199899,W4312090027
W4387199899,W4367060096
W4404133722,W3171569184
W4404133722,W4399849278
W4415751836,W3182540222
W4415751836,W3208018930
W4415751836,W4386890650
W4415751836,W4388630955
W4415751836,W4406846212
W4399973455,W4308774076
W4399973455,W4327899805
W4399973455,W4366977908
W4399973455,W4400499443
W4414293479,W4413257889
W4414293479,W4413258241
W4414293479,W4414168057
W4296204578,W3156823378
W4296204578,W4200129045
W4296204578,W4206095180
W4296204578,W4296204578
W4414404363,W4394905311
W7138900880,W4394905311
W7138900880,W4401211033
W4293547384,W3119402276
W4414324961,W4297093581
W4414324961,W4387396237
W4396882532,W2963002078
W4396882532,W3085837059
W4396882532,W3112618968
W4396882532,W3131624221
W4396882532,W3132271809
W4396882532,W3139319730
W4396882532,W3179854520
W4396882532,W4213166392
W4396882532,W4283803434
W4396882532,W4392183245
W4396882532,W4394872268
W3184722156,W4212808877
W7169789750,W4389498823
W7169789750,W4401423151
W4417449049,W4286456962
W4417449049,W4309609017
W4417449049,W4384790545
W4417449049,W4402581675
W4417449049,W4403052293
W4293809585,W3159958450
W4293809585,W3165685765
W4293809585,W4283080090
W4415718773,W4308037753
W4410773443,W3112618968
W4410773443,W3178960719
W4410773443,W3184682622
W4410773443,W3215353309
W4410773443,W3217553164
W4410773443,W4387894048
W4410773443,W4394905311
W4410773443,W4396882537
W4410773443,W4399198002
W4206039852,W3128623005
W4206039852,W3155818854
W4206039852,W3160228726
W4206039852,W3173520655
W7116966581,W4411184304
W7116966581,W4412732678
W4386467021,W4280603289
W7147332590,W4410451354
W4310163492,W4283580247
W4396799859,W4396799859
W7161598184,W4361215213
W7161598184,W4385740330
W7161598184,W4387757771
W7167418552,W3201519564
W7167418552,W4280648312
W7167418552,W4310080604
W7167418552,W4388203602
W4402119855,W2963002078
W4402119855,W3174158225
W4402119855,W4312108281
W4402119855,W4377158173
W4296250082,W3181584602
W4296250082,W3217537874
W4391231730,W3164962350
W4391231730,W4224871336
W4391231730,W4307125471
W4391231730,W4366352829
W4391231730,W4386083666
W7135024338,W3164661615
W7135024338,W4403301757
W7135024338,W4406038466
W7135024338,W4410540635
W7135024338,W4411273257
W4416192904,W4415430707
W4385896992,W3204462302
W4385896992,W4226083552
W4385896992,W4307676185
W4385896992,W4308954783
W4385896992,W4312038990
W4385896992,W4385896992
W4408598764,W3211570432
W4408598764,W4212947648
W4408598764,W4308498415
W4408598764,W4366605716
W4281762684,W3199253833
W7170276424,W4417442643
W7170276424,W7138904434
W7170276424,W7161641866
W4318455133,W3173628004
W7129472933,W3123337881
W7129472933,W3213976245
W7129472933,W4389435296
W7129472933,W4409987594
W7129472933,W4411061051
W3199072517,W3199072517
W4384945012,W3126627207
W4384945012,W3135123986
W4384945012,W3136002517
W4384945012,W3147055522
W4384945012,W3197848201
W4384945012,W4210364767
W4384945012,W4298126387
W4384945012,W4311305880
W4384945012,W4312094454
W4384945012,W4367044528
W4384945012,W4380853240
W4384945012,W4380870855
W4386640678,W3198535020
W4404223503,W3101571101
W4404223503,W3112618968
W4404223503,W3178960719
W4404223503,W4401211033
W4410780168,W3174184361
W4410780168,W4385608214
W4392281217,W3196121158
W4415938611,W3212259792
W4415938611,W4280510729
W4415938611,W4388631061
W4415938611,W4411668507
W4399466061,W3121483229
W4319730600,W4210736625
W4221156556,W3134560764
W4243447653,W3126665462
W4243447653,W3136533732
W4243447653,W3153769838
W4243447653,W3159111439
W4243447653,W3174741611
W4243447653,W3195176717
W4243447653,W4285732530
W4400486195,W3120569425
W4400486195,W3168316121
W4400486195,W4392762399
W4407635753,W3152903210
W4407635753,W4312204992
W4407635753,W4385858218
W4407635753,W4391275566
W7133496572,W4308148580
W7133496572,W4400118668
W4390936256,W3187100460
W4390936256,W3189199117
W4390936256,W4210693348
W4383313930,W3156248256
W4280633142,W4213116381
W4416105728,W4380302786
W4393020422,W3156246440
W4321435868,W3122308387
W4321435868,W3187811372
W4321435868,W4226083552
W4321435868,W4281655558
W4321435868,W4281700520
W4321435868,W4285223321
W4321435868,W4308954783
W4321435868,W4312038990
W7134896468,W4210585152
W7134896468,W4377101750
W7134896468,W4399804170
W7134896468,W4403594473
W7134896468,W4410364351
W7134896468,W4411289164
W7134896468,W4414838696
W7134896468,W7118075828
W7134896468,W7125511727
W4415528857,W4308482096
W4415528857,W4391134088
W4402992411,W3174334615
W4402992411,W4364365533
W4402992411,W4391322029
W4402992411,W4398241068
W7126024813,W4408559909
W4408307608,W4387440676
W4400728931,W4281781931
W4400728931,W4385852760
W7165139063,W4320484637
W7165139063,W4412741670
W4417260188,W4313405122
W4417260188,W4402484204
W4417260188,W4413840224
W3187720563,W3022580336
W3187720563,W3023109782
W7203779462,W4411965963
W4391909555,W4226211557
W4409015944,W4401211033
W4409015944,W4394905311
W4306681774,W3195285363
W4306681774,W4229006963
W4306681774,W4283750700
W7124446613,W3120784776
W7124446613,W4312645560
W7124446613,W4379259674
W7124446613,W4404110792
W4400615481,W4318455133
W4400615481,W4328098760
W7160063743,W3161569737
W7160063743,W4382021612
W7160063743,W4399478108
W7160063743,W4411370531
W4366988397,W4220790564
W4366988397,W4225407198
W4366988397,W4281660682
W4366988397,W4304889418
W4409091484,W3194709117
W4409091484,W4207077072
W4409091484,W4283271016
W4392109927,W4200065817
W4412986605,W4402686152
W4402452267,W3131572721
W4402452267,W3198097576
W4415361926,W4212933445
W4210678627,W3120057640
W4210678627,W3123063598
W4390832239,W4210434040
W4390832239,W4401211033
W4406526770,W4310949003
W4406526770,W4367044528
W4406526770,W4387241604
W4406526770,W4402552335
W4406526770,W4403253117
W4406526770,W4404864724
W4415333281,W4313830314
W4415333281,W4403360553
W4415333281,W4405648998
W7171720019,W7160393170
W4379768780,W3110382623
W4379768780,W3183210997
W4379768780,W3214229048
W4379768780,W4311584602
W4381248472,W3195354527
W4381248472,W3210056739
W7164484382,W4392506286
W7164484382,W4408559909
W4416097946,W4404342030
W4387006966,W4319729410
W4309149440,W3157621000
W4317500703,W3178960719
W4317500703,W4220924807
W4200366824,W4200250447
W4311446648,W4205880340
W4311446648,W4206122913
W4220805931,W4220805931
W4220805931,W4398500266
W4320016000,W4294919729
W7106042515,W4365211514
W7106042515,W4365211529
W7106042515,W4392120362
W4410239629,W4361224029
W4410239629,W4385347206
W4410239629,W4402792620
W4410239629,W4405836529
W4321433777,W4306250673
W4410578863,W4312898644
W4392959632,W3169909418
W4392959632,W3206212349
W4392959632,W4205799335
W4304785807,W3122208482
W4304785807,W3185120546
W4406912928,W4391582188
W4406912928,W4398781871
W4283821043,W3135870168
W7172302314,W4392363657
W7172302314,W4405366325
W4315779842,W3088611318
W4396707473,W4309550194
W4388895464,W4205419016
W4388895464,W4205904032
W4410974552,W4285132001
W4388526842,W4310228499
W4313452877,W3165400241
W4313452877,W4206495328
W4294584585,W4294584585
W4411037250,W4389505461
W4387196486,W3135433568
W7117313919,W4399047068
W7117313919,W4406623877
W4414082365,W3183210997
W4414082365,W4395042291
W4414082365,W4401104226
W4414082365,W4407968045
W4414082365,W4412399546
W4378529889,W4225710869
W4401328989,W4313476622
W4401328989,W4383502995
W4401328989,W4386640424
W3154283054,W3120569425
W7161779320,W4224871336
W7161779320,W4406083447
W4406061922,W4399561145
W4285044624,W3177751482
W7172527527,W3208577405
W7172527527,W4407898530
W3177246877,W3119738836
W4393333998,W3198005760
W4393333998,W4225571916
W4417138346,W4410572338
W4417138346,W4415495038
W4412881926,W3214483552
W4412881926,W4376106638
W4412881926,W4402893164
W4412881926,W4404969374
W4410833465,W3131632478
W4410833465,W4304632249
W4405429440,W3128993250
W4405429440,W4390187079
W4417351331,W3181388921
W4417351331,W4200080921
W4417351331,W4318262978
W4417351331,W4379162357
W4417351331,W4384664063
W4417351331,W4401872975
W4417351331,W4402847083
W4306250673,W3139442454
W4306250673,W4242851664
W4392817764,W4221150016
W4392817764,W4297996839
W3100833314,W3085837059
W4411716478,W4214826098
W4411716478,W4288941197
W4414243465,W4385603877
W4387860932,W3121033762
W4387860932,W3210367424
W4401168827,W3205494822
W4401168827,W3206812573
W4401168827,W4283396386
W4401168827,W4317475969
W4401168827,W4376106638
W4312107076,W4221152669
W4400351045,W4313518310
W4400351045,W4379259674
W4400351045,W4385453616
W4400351045,W4388901662
W7166520274,W3157279999
W4388761939,W4380446416
W4391514796,W4281760107
W4391514796,W4367598665
W4290048702,W3138990775
W4413383214,W4205320102
W4413383214,W4280604911
W4413383214,W4321479822
W4413383214,W4386691057
W4416083261,W4394912597
W3192075772,W3190004513
W4385337427,W4214592745
W4385337427,W4323817655
W4392123970,W4285048842
W4392123970,W4312198703
W4392123970,W4315619403
W4392123970,W4387427324
W4410568512,W4403160354
W4410568512,W4405726218
W3204892623,W4398967698
W2573570339,W2573570339
W4409830588,W4308774076
W4409830588,W4327899805
W7203964643,W3182279934
W7203964643,W3214399682
W7203964643,W4210437840
W7203964643,W4220845798
W7203964643,W4289518974
W7203964643,W4392044181
W4321480659,W4285023701
W4410530773,W4309775127
W4417494666,W4296416787
W4406772746,W4297996839
W4282971422,W3181479783
W4282971422,W3194005326
W4394874438,W4296343728
W4394874438,W4386287045
W4312846862,W3136783532
W4312846862,W4224979611
W4312846862,W4252097634
W7167906062,W4410038996
W7167906062,W4410828292
W3184809739,W3120143721
W7164054623,W3184282524
W7164054623,W3202335318
W7164054623,W4281492949
W7164054623,W4285132001
W7164054623,W4379600477
W7164054623,W4401844107
W7164054623,W4410078734
W7164054623,W4411059999
W4383314111,W4210528561
W4411673312,W3175291985
W4411673312,W3182416484
W4411673312,W3193829699
W4411673312,W3213480517
W4411673312,W4281779019
W4411673312,W4308496311
W4411673312,W4379230236
W4411673312,W4383821004
W4411673312,W4390751351
W4400882022,W4361018828
W4408226657,W4285494574
W4300961689,W3163441530
W4300961689,W3204462302
W4300961689,W3214875927
W4300961689,W4226083552
W4300961689,W4285223321
W4300961689,W4307676185
W4365563289,W3200154406
W4365563289,W4304996631
W4401391237,W4281622297
W7143978433,W4317543092
W4214810076,W3135287984
W4401634247,W4388479105
W4412895017,W3130200414
W4291908609,W4220922493
W4411430032,W4405576014
W4414456948,W4313466109
W4417053766,W4402673201
W4417053766,W4404577322
W4390594976,W4380716480
W4402602456,W4221048678
W4389147302,W3158564857
W4389147302,W3176852009
W4389147302,W4206247493
W4389147302,W4307186418
W4389147302,W4389147302
W4289943962,W3157245047
W4289943962,W3185871720
W4214651168,W3208660753
W3167273253,W3119614013
W3167273253,W3148058960
W3167273253,W3199284718
W4412698819,W4310504304
W4412698819,W4406202800
W4307711965,W3119320253
W4307711965,W3133234490
W4307711965,W3212380987
W4392716962,W3123173603
W4386072274,W4313511901
W4386072274,W4315698902
W4386072274,W4366250294
W4386072274,W4366259393
W4386072274,W4384158231
W4386072274,W4386082959
W4214821818,W3122795031
W4214821818,W3133844370
W4214821818,W3199695806
W4214821818,W4205691153
W4410163239,W3134195618
W4410163239,W4205407333
W4410163239,W4289518974
W4410163239,W4372354924
W4410163239,W4389356826
W3153769838,W3111211383
W3153769838,W3136533732
W3153769838,W3159111439
W3153769838,W4285732530
W7140276187,W4408223592
W4317932000,W4214898670
W4317932000,W4311488874
W4307003179,W4210551205
W4406564102,W4221002349
W4406564102,W4399318658
W4283455978,W4220752070
W4210588971,W3128374822
W4210588971,W3189763979
W7135206229,W3111211383
W7135206229,W4285732530
W4386698988,W4205170763
W4404538276,W4224243249
W4404538276,W4311379053
W4404538276,W4322632311
W4404538276,W4386241643
W4404538276,W4389566330
W4415391839,W3126074238
W4415391839,W4381613090
W4416815633,W4395072014
W4403948457,W3119738836
W4403948457,W3177246877
W4403948457,W3197033820
W4403948457,W4387600572
W4403948457,W4388414460
W4403948457,W4402660475
W4401196078,W4312100976
W4401196078,W4312186279
W4394890560,W4320002914
W4387297098,W4383752491
W4408658046,W4378713788
W4408658046,W4386890650
W7127294464,W4295066316
W4399913545,W4200129045
W7135055216,W4200331843
W4402317496,W4214628059
W4402317496,W4318688219
W4406444762,W4200199385
W4406444762,W4396907170
W4406313102,W4385886720
W4412813818,W4391179374
W7128472453,W4292452314
W7128472453,W4403965451
W4384655958,W3207259074
W4416843807,W4413275095
W4313364473,W4226000788
W4399860717,W3156823378
W4399860717,W4200047907
W4399860717,W4200129045
W4399860717,W4313366978
W4399860717,W4387900153
W7117986743,W3215162656
W7154980030,W4394765059
W4406349614,W3131624221
W4406349614,W3179854520
W4414042838,W4308485509
W4414042838,W4414042838
W3126243977,W3128518181
W3126160272,W2199095502
W3126160272,W2890604215
W3126160272,W2999610861
W3126160272,W3049455208
W3126160272,W4377691773
W3126160272,W4388797789
W7125200171,W4400153170
W4392983224,W3085116199
W4392983224,W3086942018
W4392983224,W3123951688
W4392983224,W3154531344
W4226157944,W3149971680
W4407290713,W3200302861
W4407290713,W4313255320
W4407290713,W4391922549
W7160998582,W3206505561
W7160998582,W4221165828
W7160998582,W4318987881
W7160998582,W4390227652
W4295940605,W3125144605
W4391471010,W3181719595
W4414358808,W4282973403
W4414358808,W4414358808
W7161598895,W3152707777
W7161598895,W3164475920
W4366254371,W4200560244
W7108321864,W4289278128
W7108321864,W4388128166
W4283073805,W3119778663
W4378233842,W3121407110
W4378233842,W3155814090
W4408716234,W3200154406
W4408716234,W4365563289
W4408716234,W4385603877
W4408716234,W4401041972
W4388330005,W4322632311
W4413275182,W4382393957
W4401720470,W3179303093
W4401720470,W4285087937
W4401720470,W4289755677
W4283750065,W3118875409
W4283750065,W3157065452
W4283750065,W3193223779
W4283750065,W3203428752
W4386640424,W3201527056
W4386640424,W4281630196
W4406984264,W3112618968
W4406984264,W3178960719
W4406984264,W4385201279
W4406984264,W4386453521
W4406984264,W4386453538
W4406984264,W4394905311
W4410211054,W4294585355
W4391997868,W3169552385
W4410163039,W4313488176
W7164484817,W4285388886
W7164484817,W4309187314
W7164484817,W4385264107
W4399429065,W4282923590
W4412485089,W4229372033
W4385291374,W3179791530
W4385291374,W4384155194
W4411194781,W4296182480
W4411194781,W4401405092
W4404931708,W4205139482
W2890604215,W2199095502
W4411253471,W4386084217
W4400242404,W4321220311
W4400242404,W4399692916
W4294266274,W3122929861
W4294266274,W4220881793
W4410352335,W3200688828
W4410352335,W4309204655
W4295014586,W3194709117
W4295014586,W3198918437
W4417211736,W4401211033
W4313366978,W3156823378
W4313366978,W3181777454
W4313366978,W4200047907
W4313366978,W4200129045
W4313366978,W4223451023
W4313366978,W4280548475
W4313366978,W4291155797
W4313366978,W4296204578
W7167039222,W4205910918
W7167039222,W4386691780
W7167039222,W4389794559
W7167039222,W4409140981
W4396898886,W3173241814
W4389318038,W4210266265
W3204177000,W3165052511
W7129041629,W3164892751
W7129041629,W3174932466
W7129041629,W4298126387
W7129041629,W4321350407
W7129041629,W4367044528
W7129041629,W4384945012
W7129041629,W4387443097
W7129041629,W4392221682
W7129041629,W4413452955
W7131664114,W4285294075
W4366198091,W4221150016
W4366198091,W4297996839
W4294864632,W3129711800
W4294864632,W3175629170
W4294864632,W3184968032
W4294864632,W3200021964
W4294864632,W4224871336
W4407254527,W3127920890
W4407254527,W3141445395
W4409533307,W4281803236
W4308460937,W3118786201
W4308460937,W3165542633
W4308460937,W4210301930
W7165061176,W4404040044
W7165061176,W4410118918
W4379375017,W4378834827
W4379375017,W4379375017
W4406332198,W3209469628
W4406332198,W4388946464
W4406864667,W4283278547
W4406864667,W4401041972
W4411779234,W4405447362
W7127601426,W3118346788
W7127601426,W3162931215
W3107698529,W3112618968
W4405374592,W4307021433
W4399486980,W3041629860
W4399486980,W3141303149
W4399486980,W3149971680
W4399486980,W4224979611
W4399486980,W4388820256
W4399486980,W4401748815
W4414853893,W3137144429
W4414853893,W4386125506
W4414853893,W4391953090
W4414853893,W4410611172
W4390750536,W4200483565
W4390750536,W4297902861
W7163022477,W3126627207
W7163022477,W3126770590
W7163022477,W4366134155
W7163022477,W4387443097
W7163022477,W4395052434
W7163022477,W4402552335
W7163022477,W4407052028
W7163022477,W4412786454
W7163022477,W4413197871
W4210867615,W3179812603
W4210867615,W4225693885
W4409005309,W3129892326
W4409005309,W3167088720
W4409005309,W4200031282
W4409005309,W4205407333
W4409005309,W4220702467
W4409005309,W4392935374
W4409005309,W4406616673
W4412120980,W4401792166
W7140289072,W4396882532
W4212889436,W3191701996
W4392681547,W4285810273
W4391774702,W3204641766
W4414383080,W4394905311
W7168490974,W3200683982
W7168490974,W4410027450
W7168490974,W7128795090
W4403680390,W4220739262
W4403680390,W4284689619
W4403680390,W4360584209
W4403680390,W4399113395
W4283452968,W3160751182
W4283452968,W3201866429
W4283452968,W4225797003
W4283452968,W4229372033
W4319438369,W4205745693
W4385507132,W3185232196
W4385507132,W4293721658
W4411648919,W3064787088
W4364367558,W3177128041
W4364367558,W4220898813
W4398243202,W4317780683
W4283080090,W3159958450
W4283080090,W3165685765
W7162104695,W4205320102
W7162104695,W4280604911
W7162104695,W4288439486
W7162104695,W4386691057
W7162104695,W4413383214
W4416848485,W4411533340
W3211780619,W3135323475
W4412104090,W4366827729
W4412104090,W4407945625
W4412104090,W4410361835
W4412104090,W4410873943
W4402410547,W3124543059
W4402410547,W4200563456
W4402410547,W4281951565
W4402410547,W4380729415
W4402410547,W4402330653
W3128375503,W3128375503
W7154151929,W4221048977
W7154151929,W4324027287
W7154151929,W4386026206
W7154151929,W4407241482
W4399167400,W3151634233
W4399167400,W3168917506
W4400146155,W3214627820
W4362677166,W3199646181
W4362677166,W4280492942
W4389625807,W4287377977
W4402701054,W3188504913
W4388267335,W3133263249
W4388267335,W4378469150
W4317864626,W3157140118
W4323975495,W3199551559
W4323975495,W4293223332
W4412741670,W4320484637
W4412741670,W4390961978
W4412741670,W4410776018
W7124149101,W3198696472
W7124149101,W4387301449
W7124149101,W4388510636
W7124149101,W4406574584
W7124149101,W4408293205
W4384642581,W3128283449
W4384642581,W4298124548
W4384642581,W4319302962
W4384642581,W4382930914
W4383998170,W3216666167
W4378232275,W4304693526
W4378232275,W4319869866
W4391354431,W3119738836
W4391354431,W3177246877
W4391354431,W3194373380
W4391354431,W3197033820
W4391354431,W3208303193
W4391354431,W4377823567
W4391354431,W4387600572
W4412986810,W4312645560
W4412986810,W4313518310
W4412986810,W4361853982
W4412986810,W4379259674
W4412986810,W4385453616
W4412986810,W4401211655
W4412986810,W4402686870
W4387118825,W4317568996
W7163541855,W3120784776
W7163541855,W4385453616
W7163541855,W4386159341
W7163541855,W4390230735
W7117549330,W3122505511
W4296062259,W3158834634
W4307415559,W3178960719
W4307415559,W4221083962
W4416161698,W3134424702
W4416161698,W4282947118
W4416161698,W4368356183
W4416161698,W4399930171
W4416161698,W4409140981
W7166797796,W4392124645
W4225014808,W3158147183
W4225014808,W3201125152
W4385297804,W4214861448
W7154452274,W4384298148
W7159661776,W4283809522
W3196788796,W3180204241
W3196788796,W3203577733
W4414957558,W4404630819
W7154707717,W4385819980
W4283012672,W3158834634
W4283012672,W3206212349
W4283012672,W4205799335
W4409922583,W3211570432
W4409922583,W4212947648
W4409922583,W4311086240
W4409922583,W4366605716
W4409922583,W4391340910
W4409922583,W4399970858
W4409922583,W4400884047
W4409922583,W4408598764
W4387663455,W3154461191
W4387663455,W3178664441
W4387663455,W4223970269
W4387663455,W4282928318
W4387663455,W4294884837
W4387663455,W4322754421
W4390820874,W3185354914
W4390820874,W3214416313
W4390820874,W4283758544
W4282000690,W3172547656
W4206067338,W4212938074
W4412203121,W3201825653
W4407963185,W4224861104
W4407963185,W4387955023
W4407963185,W4401391237
W4407963185,W4403175243
W3208123223,W3138501564
W3208123223,W3208123223
W4281395226,W3121597506
W4407590185,W4200031282
W4407590185,W4205407333
W4407590185,W4400470396
W4214738659,W3194771952
W4366496085,W3136777397
W4366496085,W3162669665
W4366496085,W3166296073
W4366496085,W4385291677
W4406309576,W4400648397
W4280564251,W3161556109
W4387953077,W3140242705
W4387953077,W3167316166
W4387953077,W4311001167
W4387953077,W4383821957
W4391986756,W4400409906
W4385548172,W3108723356
W4385548172,W4372302764
W4385548172,W4385548172
W4307527688,W4320039140
W4307527688,W4384471217
W4324027287,W4221048977
